sitename2,range,column,planter_seed_drop,seedling_emergence_rate,emergence_count,canopy_height,canopy_height_diff,plant_basal_tiller_number,stem_elongated_internodes_number_slope,canopy_cover,stand_count,stalk_diameter_minor_axis,stalk_diameter_major_axis,leaf_width,leaf_length,aboveground_dry_biomass
MAC Field Scanner Season 4 Range 8 Column 8,8,8,73,NA,NA,46.5,2.0833333333333335,NA,NA,NA,22,NA,NA,NA,NA,15460
MAC Field Scanner Season 4 Range 8 Column 9,8,9,76,NA,NA,55.5,2.0833333333333335,NA,NA,NA,25,NA,NA,NA,NA,34810
MAC Field Scanner Season 4 Range 8 Column 10,8,10,54,0.3765,19,50.5,2.0833333333333335,NA,NA,27.4,17.5,NA,NA,NA,NA,7531
MAC Field Scanner Season 4 Range 8 Column 12,8,12,61,NA,NA,59,2.0833333333333335,NA,NA,NA,22.5,NA,NA,NA,NA,25720
MAC Field Scanner Season 4 Range 9 Column 3,9,3,35.5,NA,NA,46,2.0833333333333335,3.5,NA,37.95,24.5,8.92,14.36,45.5,555,18450
MAC Field Scanner Season 4 Range 9 Column 4,9,4,67,NA,NA,52.5,2.0833333333333335,NA,NA,NA,25.5,NA,NA,NA,NA,27930
MAC Field Scanner Season 4 Range 9 Column 5,9,5,73.5,NA,NA,60.5,2.0833333333333335,NA,NA,NA,29,NA,NA,NA,NA,19620
MAC Field Scanner Season 4 Range 9 Column 7,9,7,70.5,NA,NA,62,2.0833333333333335,NA,NA,NA,26.5,NA,NA,NA,NA,24140
MAC Field Scanner Season 4 Range 9 Column 11,9,11,68,NA,NA,58,2.0833333333333335,NA,NA,NA,23,NA,NA,NA,NA,47210
MAC Field Scanner Season 4 Range 9 Column 12,9,12,63.5,NA,NA,60.5,2.0833333333333335,NA,NA,NA,23.5,NA,NA,NA,NA,23260
MAC Field Scanner Season 4 Range 9 Column 13,9,13,58,NA,NA,63.5,2.0833333333333335,NA,NA,NA,25,NA,NA,NA,NA,35060
MAC Field Scanner Season 4 Range 9 Column 14,9,14,69,NA,NA,52,2.0833333333333335,NA,NA,NA,24.5,NA,NA,NA,NA,12080
MAC Field Scanner Season 4 Range 9 Column 15,9,15,86,NA,NA,47,2.0833333333333335,NA,NA,NA,24.5,NA,NA,NA,NA,23020
MAC Field Scanner Season 4 Range 10 Column 2,10,2,73,NA,NA,59.5,2.0833333333333335,NA,NA,NA,24.5,NA,NA,NA,NA,33010
MAC Field Scanner Season 4 Range 10 Column 5,10,5,72.5,NA,NA,44.5,2.0833333333333335,NA,NA,NA,23,NA,NA,NA,NA,43730
MAC Field Scanner Season 4 Range 10 Column 6,10,6,62.5,NA,NA,57,2.0833333333333335,NA,NA,NA,25,NA,NA,NA,NA,24430
MAC Field Scanner Season 4 Range 10 Column 9,10,9,78.5,NA,NA,58.5,2.0833333333333335,NA,NA,NA,24,NA,NA,NA,NA,35050
MAC Field Scanner Season 4 Range 10 Column 10,10,10,65.5,NA,NA,49.5,2.0833333333333335,NA,NA,NA,24.5,NA,NA,NA,NA,24040
MAC Field Scanner Season 4 Range 10 Column 12,10,12,78,NA,NA,34.5,2.0833333333333335,NA,NA,25.5,25,NA,NA,NA,NA,12180
MAC Field Scanner Season 4 Range 10 Column 15,10,15,74.5,NA,NA,58.5,2.0833333333333335,NA,NA,NA,23,NA,NA,NA,NA,16480
MAC Field Scanner Season 4 Range 11 Column 2,11,2,67.5,NA,NA,42,2.0833333333333335,NA,NA,NA,27,NA,NA,NA,NA,18200
MAC Field Scanner Season 4 Range 11 Column 3,11,3,6,NA,NA,52.5,2.0833333333333335,NA,NA,NA,24,NA,NA,NA,NA,8921
MAC Field Scanner Season 4 Range 11 Column 4,11,4,67,NA,NA,77,2.0833333333333335,NA,NA,34.9,27.5,NA,NA,NA,NA,18790
MAC Field Scanner Season 4 Range 11 Column 5,11,5,66.5,NA,NA,77.5,2.0833333333333335,NA,NA,NA,23.5,NA,NA,NA,NA,26280
MAC Field Scanner Season 4 Range 11 Column 6,11,6,66.5,NA,NA,64.5,2.0833333333333335,NA,NA,21.6,24.5,NA,NA,NA,NA,11630
MAC Field Scanner Season 4 Range 11 Column 9,11,9,74,NA,NA,64.5,2.0833333333333335,NA,NA,NA,26.5,NA,NA,NA,NA,22080
MAC Field Scanner Season 4 Range 11 Column 11,11,11,62.5,NA,NA,65.5,2.0833333333333335,NA,NA,NA,30,NA,NA,NA,NA,11030
MAC Field Scanner Season 4 Range 11 Column 14,11,14,73.5,NA,NA,55,2.0833333333333335,NA,NA,NA,26.5,NA,NA,NA,NA,7179
MAC Field Scanner Season 4 Range 11 Column 15,11,15,81.5,NA,NA,67,2.0833333333333335,NA,NA,NA,29.5,NA,NA,NA,NA,23100
MAC Field Scanner Season 4 Range 12 Column 2,12,2,57.5,NA,NA,53,2.0833333333333335,NA,NA,NA,26,NA,NA,NA,NA,2252
MAC Field Scanner Season 4 Range 12 Column 3,12,3,53,NA,NA,74.5,2.0833333333333335,NA,NA,NA,22,NA,NA,NA,NA,37320
MAC Field Scanner Season 4 Range 12 Column 7,12,7,61,NA,NA,79.5,2.0833333333333335,NA,NA,34,25,NA,NA,NA,NA,14250
MAC Field Scanner Season 4 Range 12 Column 9,12,9,80.5,0.801625,63.5,51,2.0833333333333335,NA,NA,34.35,25.5,NA,NA,NA,NA,21660
MAC Field Scanner Season 4 Range 12 Column 10,12,10,73.5,NA,NA,39.5,2.0833333333333335,NA,NA,NA,23.5,NA,NA,NA,NA,23830
MAC Field Scanner Season 4 Range 12 Column 12,12,12,76,NA,NA,66.5,2.0833333333333335,NA,NA,NA,25,NA,NA,NA,NA,26620
MAC Field Scanner Season 4 Range 12 Column 13,12,13,73.5,0.912125,67,60.5,2.0833333333333335,NA,NA,NA,24,NA,NA,NA,NA,26520
MAC Field Scanner Season 4 Range 12 Column 14,12,14,61,NA,NA,50,2.0833333333333335,NA,NA,NA,25,NA,NA,NA,NA,15130
MAC Field Scanner Season 4 Range 13 Column 2,13,2,66.5,0.856625,55.666666666666664,55.5,2.0833333333333335,NA,NA,NA,26.5,NA,NA,NA,NA,45400
MAC Field Scanner Season 4 Range 13 Column 5,13,5,47.5,NA,NA,67.5,2.0833333333333335,NA,NA,NA,27.5,NA,NA,NA,NA,8775
MAC Field Scanner Season 4 Range 13 Column 9,13,9,86,NA,NA,47.5,2.0833333333333335,NA,NA,NA,23.5,NA,NA,NA,NA,17530
MAC Field Scanner Season 4 Range 13 Column 10,13,10,72,NA,NA,41.5,2.0833333333333335,NA,NA,NA,26,NA,NA,NA,NA,29310
MAC Field Scanner Season 4 Range 13 Column 12,13,12,69,NA,NA,35,2.0833333333333335,NA,NA,NA,25,NA,NA,NA,NA,16450
MAC Field Scanner Season 4 Range 13 Column 13,13,13,73,NA,NA,56,2.0833333333333335,NA,NA,NA,25,NA,NA,NA,NA,18720
MAC Field Scanner Season 4 Range 14 Column 3,14,3,57.5,NA,NA,68.5,2.0833333333333335,NA,NA,NA,28.5,NA,NA,NA,NA,20780
MAC Field Scanner Season 4 Range 14 Column 4,14,4,74,NA,NA,59.5,2.0833333333333335,NA,NA,NA,29.5,NA,NA,NA,NA,21730
MAC Field Scanner Season 4 Range 14 Column 5,14,5,69.5,NA,NA,51,2.0833333333333335,NA,NA,NA,28,NA,NA,NA,NA,32520
MAC Field Scanner Season 4 Range 14 Column 7,14,7,71.5,NA,NA,52,2.0833333333333335,NA,NA,NA,24.5,NA,NA,NA,NA,7152
MAC Field Scanner Season 4 Range 14 Column 10,14,10,72.5,NA,NA,36.5,2.0833333333333335,NA,NA,NA,25,NA,NA,NA,NA,13680
MAC Field Scanner Season 4 Range 14 Column 11,14,11,21,NA,NA,41.5,2.0833333333333335,NA,NA,NA,12,NA,NA,NA,NA,20780
MAC Field Scanner Season 4 Range 14 Column 12,14,12,69.5,NA,NA,44,2.0833333333333335,NA,NA,NA,26.5,NA,NA,NA,NA,13390
MAC Field Scanner Season 4 Range 14 Column 13,14,13,65,NA,NA,66.5,2.0833333333333335,NA,NA,NA,22,NA,NA,NA,NA,21420
MAC Field Scanner Season 4 Range 14 Column 14,14,14,72.5,NA,NA,38,2.0833333333333335,NA,NA,NA,24.5,NA,NA,NA,NA,18340
MAC Field Scanner Season 4 Range 14 Column 15,14,15,72,NA,NA,61,2.0833333333333335,NA,NA,NA,24.5,NA,NA,NA,NA,30060
MAC Field Scanner Season 4 Range 15 Column 3,15,3,75.5,NA,NA,37,2.0833333333333335,NA,NA,NA,32,NA,NA,NA,NA,14550
MAC Field Scanner Season 4 Range 15 Column 4,15,4,74.5,NA,NA,50.5,2.0833333333333335,NA,NA,NA,24.5,NA,NA,NA,NA,16670
MAC Field Scanner Season 4 Range 15 Column 5,15,5,74.5,NA,NA,35,2.0833333333333335,NA,NA,NA,24.5,NA,NA,NA,NA,24400
MAC Field Scanner Season 4 Range 15 Column 6,15,6,76,0.93925,70.5,47.5,2.0833333333333335,NA,NA,NA,25,NA,NA,NA,NA,36430
MAC Field Scanner Season 4 Range 15 Column 7,15,7,77,NA,NA,47.5,2.0833333333333335,NA,NA,NA,25,NA,NA,NA,NA,28380
MAC Field Scanner Season 4 Range 15 Column 8,15,8,51.5,NA,NA,53.5,2.0833333333333335,NA,NA,NA,23,NA,NA,NA,NA,22310
MAC Field Scanner Season 4 Range 15 Column 9,15,9,67,NA,NA,48,6.5,NA,NA,NA,22.5,NA,NA,NA,NA,61030
MAC Field Scanner Season 4 Range 15 Column 10,15,10,83,NA,NA,42.5,2.0833333333333335,NA,NA,NA,28,NA,NA,NA,NA,5146
MAC Field Scanner Season 4 Range 15 Column 11,15,11,65,NA,NA,47,2.0833333333333335,NA,NA,NA,23,NA,NA,NA,NA,31880
MAC Field Scanner Season 4 Range 15 Column 12,15,12,72.5,NA,NA,40,6.5,NA,NA,NA,22,NA,NA,NA,NA,31370
MAC Field Scanner Season 4 Range 15 Column 15,15,15,80,0.662625,53.666666666666664,53,2.0833333333333335,NA,NA,NA,24.5,NA,NA,NA,NA,15830
MAC Field Scanner Season 4 Range 16 Column 5,16,5,62.5,0.675125,43.5,56,2.0833333333333335,4,0.2986301369861889,49.7,25.5,9.02,15.32,44,524,27770
MAC Field Scanner Season 4 Range 16 Column 7,16,7,70,NA,NA,54,2.0833333333333335,NA,NA,NA,23.5,NA,NA,NA,NA,14720
MAC Field Scanner Season 4 Range 16 Column 8,16,8,72.5,NA,NA,60,2.0833333333333335,NA,NA,NA,24.5,NA,NA,NA,NA,21800
MAC Field Scanner Season 4 Range 16 Column 11,16,11,63.5,NA,NA,53,2.0833333333333335,NA,NA,NA,25.5,NA,NA,NA,NA,21200
MAC Field Scanner Season 4 Range 16 Column 12,16,12,75,NA,NA,33,6.5,NA,NA,NA,25,NA,NA,NA,NA,25860
MAC Field Scanner Season 4 Range 16 Column 14,16,14,68,NA,NA,64,2.0833333333333335,NA,NA,NA,25.5,NA,NA,NA,NA,30150
MAC Field Scanner Season 4 Range 16 Column 15,16,15,80.5,NA,NA,53,6.5,NA,NA,35.55,24,NA,NA,NA,NA,12860
MAC Field Scanner Season 4 Range 17 Column 2,17,2,68,NA,NA,56,2.0833333333333335,NA,NA,NA,30.5,NA,NA,NA,NA,5851
MAC Field Scanner Season 4 Range 17 Column 3,17,3,66.5,NA,NA,45,6.5,NA,NA,NA,29.5,NA,NA,NA,NA,23660
MAC Field Scanner Season 4 Range 17 Column 5,17,5,67,NA,NA,52,6.5,NA,NA,61.5,30,NA,NA,NA,NA,23570
MAC Field Scanner Season 4 Range 17 Column 7,17,7,71.5,NA,NA,56,2.0833333333333335,NA,NA,NA,24.5,NA,NA,NA,NA,32720
MAC Field Scanner Season 4 Range 17 Column 10,17,10,75.5,NA,NA,24,6.5,NA,NA,NA,28,NA,NA,NA,NA,9096
MAC Field Scanner Season 4 Range 17 Column 11,17,11,63.5,NA,NA,52,2.0833333333333335,NA,NA,NA,22,NA,NA,NA,NA,40800
MAC Field Scanner Season 4 Range 17 Column 12,17,12,70.5,0.610625,46,50,2.0833333333333335,NA,NA,36.25,24.5,NA,NA,NA,NA,23810
MAC Field Scanner Season 4 Range 17 Column 14,17,14,71.5,NA,NA,62,2.0833333333333335,NA,NA,NA,23.5,NA,NA,NA,NA,23790
MAC Field Scanner Season 4 Range 18 Column 5,18,5,71,NA,NA,60.5,2.0833333333333335,NA,NA,NA,25,NA,NA,NA,NA,61020
MAC Field Scanner Season 4 Range 18 Column 6,18,6,58.5,NA,NA,58,2.0833333333333335,NA,NA,NA,25,NA,NA,NA,NA,17300
MAC Field Scanner Season 4 Range 18 Column 7,18,7,7,NA,NA,43,2.0833333333333335,NA,NA,NA,24,NA,NA,NA,NA,19500
MAC Field Scanner Season 4 Range 19 Column 2,19,2,69,NA,NA,47,6.5,NA,NA,NA,27,NA,NA,NA,NA,12310
MAC Field Scanner Season 4 Range 19 Column 3,19,3,69.5,NA,NA,53,2.0833333333333335,NA,NA,NA,27,NA,NA,NA,NA,31890
MAC Field Scanner Season 4 Range 19 Column 5,19,5,66.5,NA,NA,51,2.0833333333333335,NA,NA,NA,26,NA,NA,NA,NA,25550
MAC Field Scanner Season 4 Range 19 Column 8,19,8,67,NA,NA,56,2.0833333333333335,NA,NA,NA,26,NA,NA,NA,NA,21020
MAC Field Scanner Season 4 Range 19 Column 9,19,9,69,NA,NA,61,2.0833333333333335,NA,NA,NA,24.5,NA,NA,NA,NA,25990
MAC Field Scanner Season 4 Range 19 Column 10,19,10,76,NA,NA,66,2.0833333333333335,NA,NA,43.6,28,NA,NA,NA,NA,17040
MAC Field Scanner Season 4 Range 19 Column 11,19,11,13,NA,NA,63,2.0833333333333335,NA,NA,NA,23.5,NA,NA,NA,NA,34880
MAC Field Scanner Season 4 Range 19 Column 14,19,14,71.5,NA,NA,70,2.0833333333333335,NA,NA,NA,25.5,NA,NA,NA,NA,23380
MAC Field Scanner Season 4 Range 19 Column 15,19,15,71,NA,NA,92.5,2.0833333333333335,NA,NA,NA,27,NA,NA,NA,NA,21960
MAC Field Scanner Season 4 Range 21 Column 2,21,2,66.5,NA,NA,48,2.0833333333333335,NA,NA,NA,30.5,NA,NA,NA,NA,16230
MAC Field Scanner Season 4 Range 21 Column 4,21,4,62.5,NA,NA,66,2.0833333333333335,NA,NA,NA,32.5,NA,NA,NA,NA,22270
MAC Field Scanner Season 4 Range 21 Column 7,21,7,67.5,NA,NA,38,2.0833333333333335,NA,NA,NA,27.5,NA,NA,NA,NA,13420
MAC Field Scanner Season 4 Range 21 Column 9,21,9,77,NA,NA,43.5,2.0833333333333335,NA,NA,NA,24,NA,NA,NA,NA,17130
MAC Field Scanner Season 4 Range 21 Column 10,21,10,55,NA,NA,66,2.0833333333333335,NA,NA,57,23.5,NA,NA,NA,NA,33410
MAC Field Scanner Season 4 Range 21 Column 12,21,12,64,NA,NA,39,6.5,NA,NA,NA,25,NA,NA,NA,NA,28840
MAC Field Scanner Season 4 Range 21 Column 13,21,13,63.5,NA,NA,52,2.0833333333333335,NA,NA,NA,28,NA,NA,NA,NA,19030
MAC Field Scanner Season 4 Range 22 Column 4,22,4,62,NA,NA,53,2.0833333333333335,NA,NA,NA,29,NA,NA,NA,NA,32290
MAC Field Scanner Season 4 Range 22 Column 5,22,5,68.5,NA,NA,65.5,2.0833333333333335,NA,NA,NA,29.5,NA,NA,NA,NA,35670
MAC Field Scanner Season 4 Range 22 Column 6,22,6,69.5,NA,NA,40.5,2.0833333333333335,NA,NA,NA,25,NA,NA,NA,NA,25670
MAC Field Scanner Season 4 Range 22 Column 8,22,8,68.5,NA,NA,43,2.0833333333333335,NA,NA,39.8,23.5,NA,NA,NA,NA,9614
MAC Field Scanner Season 4 Range 22 Column 10,22,10,79,NA,NA,55.5,2.0833333333333335,NA,NA,NA,24,NA,NA,NA,NA,20740
MAC Field Scanner Season 4 Range 22 Column 11,22,11,9,NA,NA,31,6.5,NA,NA,NA,19.5,NA,NA,NA,NA,15510
MAC Field Scanner Season 4 Range 22 Column 13,22,13,65,NA,NA,63,2.0833333333333335,NA,NA,NA,28.5,NA,NA,NA,NA,25090
MAC Field Scanner Season 4 Range 22 Column 15,22,15,78.5,0.829875,63.75,52.5,2.0833333333333335,NA,NA,NA,27.5,NA,NA,NA,NA,11240
MAC Field Scanner Season 4 Range 23 Column 2,23,2,63.5,NA,NA,57,2.0833333333333335,NA,NA,NA,31.5,NA,NA,NA,NA,13170
MAC Field Scanner Season 4 Range 23 Column 5,23,5,77.5,NA,NA,57,2.0833333333333335,NA,NA,NA,24.5,NA,NA,NA,NA,20410
MAC Field Scanner Season 4 Range 23 Column 8,23,8,73.5,NA,NA,40,6.5,NA,NA,NA,25,NA,NA,NA,NA,26140
MAC Field Scanner Season 4 Range 23 Column 9,23,9,82,0.896,73.66666666666667,58,2.0833333333333335,3.3333333333333335,0.3587287074362278,36.150000000000006,25,10.620000000000001,15.68,58.333333333333336,543.3333333333334,29650
MAC Field Scanner Season 4 Range 23 Column 12,23,12,77,0.850625,66,61,2.0833333333333335,3.6666666666666665,0.31688840258450096,45.95,25.5,9.18,15,46.666666666666664,490,34340
MAC Field Scanner Season 4 Range 23 Column 13,23,13,67.5,0.86275,57.4,62.5,2.0833333333333335,NA,NA,NA,26.5,NA,NA,NA,NA,22680
MAC Field Scanner Season 4 Range 23 Column 15,23,15,68.5,NA,NA,74.5,2.0833333333333335,NA,NA,NA,23.5,NA,NA,NA,NA,29120
MAC Field Scanner Season 4 Range 24 Column 5,24,5,56,NA,NA,48,2.0833333333333335,NA,NA,NA,25.5,NA,NA,NA,NA,44200
MAC Field Scanner Season 4 Range 24 Column 6,24,6,46,NA,NA,46.5,2.0833333333333335,NA,NA,NA,27,NA,NA,NA,NA,21690
MAC Field Scanner Season 4 Range 24 Column 7,24,7,73.5,NA,NA,36,6.5,NA,NA,NA,24.5,NA,NA,NA,NA,16490
MAC Field Scanner Season 4 Range 24 Column 8,24,8,66.5,NA,NA,55.5,2.0833333333333335,NA,NA,NA,25.5,NA,NA,NA,NA,21030
MAC Field Scanner Season 4 Range 24 Column 11,24,11,2,NA,NA,38,2.0833333333333335,NA,NA,NA,23,NA,NA,NA,NA,25510
MAC Field Scanner Season 4 Range 24 Column 12,24,12,65,NA,NA,55,6.5,NA,NA,NA,27.5,NA,NA,NA,NA,16440
MAC Field Scanner Season 4 Range 24 Column 13,24,13,19,NA,NA,45,2.0833333333333335,NA,NA,NA,25.5,NA,NA,NA,NA,12580
MAC Field Scanner Season 4 Range 24 Column 15,24,15,75,NA,NA,46,6.5,NA,NA,NA,31,NA,NA,NA,NA,15810
MAC Field Scanner Season 4 Range 25 Column 3,25,3,72.5,NA,NA,43,6.5,NA,NA,NA,32.5,NA,NA,NA,NA,16250
MAC Field Scanner Season 4 Range 25 Column 4,25,4,61.5,NA,NA,66,2.0833333333333335,NA,NA,NA,32,NA,NA,NA,NA,27880
MAC Field Scanner Season 4 Range 25 Column 5,25,5,72.5,NA,NA,62.5,2.0833333333333335,NA,NA,NA,31.5,NA,NA,NA,NA,23730
MAC Field Scanner Season 4 Range 25 Column 7,25,7,63.5,NA,NA,42.5,2.0833333333333335,NA,NA,NA,22.5,NA,NA,NA,NA,36290
MAC Field Scanner Season 4 Range 25 Column 9,25,9,71.5,NA,NA,58,2.0833333333333335,NA,NA,NA,24.5,NA,NA,NA,NA,45170
MAC Field Scanner Season 4 Range 25 Column 10,25,10,55.5,NA,NA,31,6.5,NA,NA,NA,22.5,NA,NA,NA,NA,24810
MAC Field Scanner Season 4 Range 25 Column 13,25,13,45,NA,NA,46,2.0833333333333335,NA,NA,NA,23.5,NA,NA,NA,NA,9039
MAC Field Scanner Season 4 Range 25 Column 15,25,15,79.5,NA,NA,41,6.5,NA,NA,NA,27.5,NA,NA,NA,NA,16090
MAC Field Scanner Season 4 Range 26 Column 6,26,6,56,1.19125,65.33333333333333,57,2.0833333333333335,NA,NA,NA,24.5,NA,NA,NA,NA,17790
MAC Field Scanner Season 4 Range 26 Column 8,26,8,66,NA,NA,52,2.0833333333333335,NA,NA,NA,25.5,NA,NA,NA,NA,19550
MAC Field Scanner Season 4 Range 26 Column 9,26,9,72.5,0.72375,51.75,47,6.5,NA,NA,NA,23.5,NA,NA,NA,NA,22310
MAC Field Scanner Season 4 Range 26 Column 10,26,10,61,NA,NA,53,2.0833333333333335,NA,NA,NA,26,NA,NA,NA,NA,4039
MAC Field Scanner Season 4 Range 26 Column 13,26,13,58.5,NA,NA,42,6.5,NA,NA,NA,19.5,NA,NA,NA,NA,25600
MAC Field Scanner Season 4 Range 26 Column 14,26,14,88.5,0.77425,67.2,53,2.0833333333333335,3.25,0.40489456120400674,35.2,27,8.56,13.74,42,467.5,26290
MAC Field Scanner Season 4 Range 26 Column 15,26,15,74.5,NA,NA,56,2.0833333333333335,NA,NA,NA,27,NA,NA,NA,NA,19080
MAC Field Scanner Season 4 Range 27 Column 2,27,2,73,0.80125,57.5,71,2.0833333333333335,3.5,0.2857135629064501,55.7,29.5,12.620000000000001,16.98,57.5,565,19100
MAC Field Scanner Season 4 Range 27 Column 3,27,3,68.5,NA,NA,56,2.0833333333333335,NA,NA,NA,29.5,NA,NA,NA,NA,21280
MAC Field Scanner Season 4 Range 27 Column 8,27,8,67.5,NA,NA,54,2.0833333333333335,NA,NA,NA,24.5,NA,NA,NA,NA,40900
MAC Field Scanner Season 4 Range 27 Column 9,27,9,79,NA,NA,32,6.5,NA,NA,NA,24,NA,NA,NA,NA,13390
MAC Field Scanner Season 4 Range 27 Column 11,27,11,73,NA,NA,74,2.0833333333333335,NA,NA,42.849999999999994,31,NA,NA,NA,NA,30420
MAC Field Scanner Season 4 Range 27 Column 12,27,12,66,NA,NA,65,2.0833333333333335,NA,NA,NA,26,NA,NA,NA,NA,13090
MAC Field Scanner Season 4 Range 28 Column 6,28,6,69,NA,NA,44,6.5,NA,NA,NA,23.5,NA,NA,NA,NA,14670
MAC Field Scanner Season 4 Range 28 Column 9,28,9,58,NA,NA,50,2.0833333333333335,NA,NA,NA,23,NA,NA,NA,NA,18420
MAC Field Scanner Season 4 Range 28 Column 11,28,11,73.5,0.68225,50.6,57,2.0833333333333335,4,NA,35.05,26,10.3,14.22,46,610,35920
MAC Field Scanner Season 4 Range 28 Column 14,28,14,49.5,NA,NA,56,2.0833333333333335,NA,NA,NA,28.5,NA,NA,NA,NA,13630
MAC Field Scanner Season 4 Range 29 Column 3,29,3,75,NA,NA,112.5,2.0833333333333335,NA,NA,NA,32,NA,NA,NA,NA,1244
MAC Field Scanner Season 4 Range 29 Column 4,29,4,63,NA,NA,68,2.0833333333333335,NA,NA,NA,24.5,NA,NA,NA,NA,18480
MAC Field Scanner Season 4 Range 29 Column 14,29,14,68,NA,NA,47,2.0833333333333335,NA,NA,NA,31,NA,NA,NA,NA,16590
MAC Field Scanner Season 4 Range 29 Column 15,29,15,71.5,NA,NA,108,2.0833333333333335,NA,NA,NA,27.5,NA,NA,NA,NA,12280
MAC Field Scanner Season 4 Range 31 Column 7,31,7,68,NA,NA,47,2.0833333333333335,NA,NA,NA,23.5,NA,NA,NA,NA,22400
MAC Field Scanner Season 4 Range 31 Column 9,31,9,69.5,NA,NA,70,2.0833333333333335,NA,NA,NA,27.5,NA,NA,NA,NA,18660
MAC Field Scanner Season 4 Range 31 Column 11,31,11,68,NA,NA,83,2.0833333333333335,NA,NA,NA,31.5,NA,NA,NA,NA,17150
MAC Field Scanner Season 4 Range 31 Column 12,31,12,75,NA,NA,48,6.5,NA,NA,NA,23,NA,NA,NA,NA,22790
MAC Field Scanner Season 4 Range 31 Column 14,31,14,63.5,NA,NA,54,6.5,NA,NA,NA,24.5,NA,NA,NA,NA,10380
MAC Field Scanner Season 4 Range 31 Column 15,31,15,74,NA,NA,73,2.0833333333333335,NA,NA,NA,24.5,NA,NA,NA,NA,23790
MAC Field Scanner Season 4 Range 32 Column 2,32,2,62,NA,NA,60,2.0833333333333335,NA,NA,NA,29.5,NA,NA,NA,NA,17160
MAC Field Scanner Season 4 Range 32 Column 6,32,6,66.5,NA,NA,36,6.5,NA,NA,NA,31.5,NA,NA,NA,NA,15750
MAC Field Scanner Season 4 Range 32 Column 7,32,7,59.5,NA,NA,71,2.0833333333333335,NA,NA,51.599999999999994,25,NA,NA,NA,NA,29560
MAC Field Scanner Season 4 Range 32 Column 8,32,8,57.5,NA,NA,89,2.0833333333333335,NA,NA,NA,28,NA,NA,NA,NA,30970
MAC Field Scanner Season 4 Range 32 Column 9,32,9,68.5,NA,NA,48,6.5,NA,NA,NA,32,NA,NA,NA,NA,27020
MAC Field Scanner Season 4 Range 32 Column 10,32,10,75.5,NA,NA,62,2.0833333333333335,NA,NA,NA,31.5,NA,NA,NA,NA,NA
MAC Field Scanner Season 4 Range 32 Column 14,32,14,66.5,NA,NA,74.5,2.0833333333333335,NA,NA,NA,27.5,NA,NA,NA,NA,32390
MAC Field Scanner Season 4 Range 32 Column 15,32,15,76,0.831375,60.5,82,2.0833333333333335,2.6666666666666665,0.36473760134473804,52.45,31,8.64,15,59.333333333333336,700,18510
MAC Field Scanner Season 4 Range 33 Column 2,33,2,50.5,NA,NA,86,2.0833333333333335,NA,NA,NA,29.5,NA,NA,NA,NA,6158
MAC Field Scanner Season 4 Range 33 Column 7,33,7,75.5,NA,NA,49,2.0833333333333335,NA,NA,NA,26,NA,NA,NA,NA,14900
MAC Field Scanner Season 4 Range 33 Column 8,33,8,70.5,NA,NA,55,2.0833333333333335,NA,NA,NA,23.5,NA,NA,NA,NA,31220
MAC Field Scanner Season 4 Range 33 Column 9,33,9,79,NA,NA,53,2.0833333333333335,NA,NA,NA,25,NA,NA,NA,NA,23250
MAC Field Scanner Season 4 Range 33 Column 11,33,11,52.5,NA,NA,56,2.0833333333333335,NA,NA,NA,24.5,NA,NA,NA,NA,19540
MAC Field Scanner Season 4 Range 33 Column 13,33,13,80.5,NA,NA,58,2.0833333333333335,NA,NA,NA,26.5,NA,NA,NA,NA,21880
MAC Field Scanner Season 4 Range 33 Column 14,33,14,71,NA,NA,66.5,2.0833333333333335,NA,NA,NA,25.5,NA,NA,NA,NA,22790
MAC Field Scanner Season 4 Range 34 Column 5,34,5,62.5,NA,NA,30,6.5,NA,NA,NA,23,NA,NA,NA,NA,33190
MAC Field Scanner Season 4 Range 35 Column 2,35,2,59.5,1.01375,59.6,61,2.0833333333333335,NA,NA,NA,31.5,NA,NA,NA,NA,15560
MAC Field Scanner Season 4 Range 35 Column 3,35,3,79.5,NA,NA,63,2.0833333333333335,NA,NA,NA,31.5,NA,NA,NA,NA,18160
MAC Field Scanner Season 4 Range 35 Column 5,35,5,74.5,NA,NA,34,2.0833333333333335,NA,NA,NA,24.5,NA,NA,NA,NA,13290
MAC Field Scanner Season 4 Range 35 Column 7,35,7,71.5,NA,NA,52,2.0833333333333335,NA,NA,NA,24,NA,NA,NA,NA,21640
MAC Field Scanner Season 4 Range 35 Column 8,35,8,67.5,0.914125,61.25,60,2.0833333333333335,NA,NA,NA,23.5,NA,NA,NA,NA,27800
MAC Field Scanner Season 4 Range 35 Column 12,35,12,67,0.54225,35,50.5,2.0833333333333335,NA,NA,NA,25.5,NA,NA,NA,NA,30240
MAC Field Scanner Season 4 Range 35 Column 13,35,13,81.5,NA,NA,46,2.0833333333333335,NA,NA,NA,25.5,NA,NA,NA,NA,29110
MAC Field Scanner Season 4 Range 35 Column 15,35,15,78,NA,NA,47,6.5,NA,NA,NA,26,NA,NA,NA,NA,29250
MAC Field Scanner Season 4 Range 36 Column 4,36,4,66.5,NA,NA,68,2.0833333333333335,NA,NA,NA,25,NA,NA,NA,NA,23870
MAC Field Scanner Season 4 Range 36 Column 8,36,8,72,0.875,63.25,65,2.0833333333333335,NA,NA,NA,27.5,NA,NA,NA,NA,28210
MAC Field Scanner Season 4 Range 36 Column 10,36,10,73,NA,NA,57,2.0833333333333335,NA,NA,NA,25,NA,NA,NA,NA,12450
MAC Field Scanner Season 4 Range 36 Column 11,36,11,70.5,NA,NA,63.5,2.0833333333333335,NA,NA,NA,25.5,NA,NA,NA,NA,40080
MAC Field Scanner Season 4 Range 36 Column 12,36,12,69.5,NA,NA,68,2.0833333333333335,NA,NA,NA,24.5,NA,NA,NA,NA,20700
MAC Field Scanner Season 4 Range 36 Column 13,36,13,70.5,NA,NA,53,2.0833333333333335,NA,NA,46.2,25,NA,NA,NA,NA,30940
MAC Field Scanner Season 4 Range 36 Column 15,36,15,12.5,NA,NA,53,2.0833333333333335,NA,NA,NA,25,NA,NA,NA,NA,8185
MAC Field Scanner Season 4 Range 37 Column 2,37,2,74,NA,NA,70,2.0833333333333335,NA,NA,NA,28.5,NA,NA,NA,NA,11040
MAC Field Scanner Season 4 Range 37 Column 3,37,3,70,NA,NA,66,2.0833333333333335,NA,NA,NA,25.5,NA,NA,NA,NA,26640
MAC Field Scanner Season 4 Range 37 Column 4,37,4,66,NA,NA,57,2.0833333333333335,NA,NA,39.95,27,NA,NA,NA,NA,16100
MAC Field Scanner Season 4 Range 37 Column 5,37,5,5,NA,NA,46,2.0833333333333335,NA,NA,NA,23,NA,NA,NA,NA,10850
MAC Field Scanner Season 4 Range 37 Column 8,37,8,64.5,NA,NA,60,2.0833333333333335,NA,NA,NA,23.5,NA,NA,NA,NA,20910
MAC Field Scanner Season 4 Range 37 Column 9,37,9,74,NA,NA,72,2.0833333333333335,NA,NA,39.599999999999994,27.5,NA,NA,NA,NA,28540
MAC Field Scanner Season 4 Range 37 Column 10,37,10,71,0.9522499999999999,68,58,2.0833333333333335,NA,NA,NA,25.5,NA,NA,NA,NA,14630
MAC Field Scanner Season 4 Range 37 Column 14,37,14,71.5,NA,NA,63,6.5,NA,NA,68.6,28,NA,NA,NA,NA,37050
MAC Field Scanner Season 4 Range 38 Column 3,38,3,72,0.8029999999999999,60.6,49,6.5,NA,NA,58.650000000000006,30.5,NA,NA,NA,NA,31380
MAC Field Scanner Season 4 Range 38 Column 5,38,5,63,NA,NA,49,2.0833333333333335,NA,NA,NA,22,NA,NA,NA,NA,21180
MAC Field Scanner Season 4 Range 38 Column 7,38,7,65,NA,NA,51,6.5,NA,NA,NA,25,NA,NA,NA,NA,28050
MAC Field Scanner Season 4 Range 38 Column 9,38,9,82,NA,NA,72.5,2.0833333333333335,NA,NA,NA,28,NA,NA,NA,NA,26820
MAC Field Scanner Season 4 Range 38 Column 10,38,10,66,1.12625,76,41,6.5,NA,NA,NA,26,NA,NA,NA,NA,17500
MAC Field Scanner Season 4 Range 38 Column 14,38,14,82,NA,NA,108,2.0833333333333335,NA,NA,NA,25.5,NA,NA,NA,NA,14730
MAC Field Scanner Season 4 Range 39 Column 7,39,7,57,NA,NA,45,6.5,NA,NA,NA,21.5,NA,NA,NA,NA,15510
MAC Field Scanner Season 4 Range 39 Column 8,39,8,76,NA,NA,59,2.0833333333333335,NA,NA,NA,26.5,NA,NA,NA,NA,24160
MAC Field Scanner Season 4 Range 39 Column 10,39,10,45,0.720375,31.4,51,6.5,3.5,NA,46.7,24.5,8.8,13.2,55,625,17360
MAC Field Scanner Season 4 Range 39 Column 11,39,11,57,NA,NA,75,2.0833333333333335,NA,NA,53.25,21,NA,NA,NA,NA,28490
MAC Field Scanner Season 4 Range 39 Column 14,39,14,54,NA,NA,60,2.0833333333333335,NA,NA,59.7,25.5,NA,NA,NA,NA,41100
MAC Field Scanner Season 4 Range 40 Column 2,40,2,61.5,NA,NA,83.5,2.0833333333333335,NA,NA,NA,28,NA,NA,NA,NA,27310
MAC Field Scanner Season 4 Range 40 Column 6,40,6,75.5,NA,NA,69,2.0833333333333335,NA,NA,NA,27,NA,NA,NA,NA,47970
MAC Field Scanner Season 4 Range 40 Column 13,40,13,18.5,NA,NA,56.5,2.0833333333333335,NA,NA,NA,21.5,NA,NA,NA,NA,22540
MAC Field Scanner Season 4 Range 40 Column 15,40,15,45,NA,NA,62,2.0833333333333335,4,NA,55.9,22,8.84,13.62,64.5,650,8131
MAC Field Scanner Season 4 Range 41 Column 6,41,6,62.5,NA,NA,56,2.0833333333333335,NA,NA,NA,28.5,NA,NA,NA,NA,18170
MAC Field Scanner Season 4 Range 41 Column 8,41,8,69.5,NA,NA,63,2.0833333333333335,NA,NA,48.7,25.5,NA,NA,NA,NA,39620
MAC Field Scanner Season 4 Range 41 Column 9,41,9,70.5,NA,NA,72,2.0833333333333335,NA,NA,NA,26.5,NA,NA,NA,NA,33270
MAC Field Scanner Season 4 Range 41 Column 10,41,10,0,NA,NA,44,6.5,NA,NA,NA,25,NA,NA,NA,NA,NA
MAC Field Scanner Season 4 Range 41 Column 11,41,11,69,NA,NA,73,2.0833333333333335,NA,NA,NA,27,NA,NA,NA,NA,35410
MAC Field Scanner Season 4 Range 41 Column 15,41,15,74,NA,NA,57,2.0833333333333335,NA,NA,NA,23.5,NA,NA,NA,NA,14970
MAC Field Scanner Season 4 Range 42 Column 2,42,2,56.5,NA,NA,93,2.0833333333333335,NA,NA,NA,29.5,NA,NA,NA,NA,18010
MAC Field Scanner Season 4 Range 42 Column 4,42,4,64,0.82175,53,71,2.0833333333333335,3,NA,58,30,10.52,17.2,64.5,655,32420
MAC Field Scanner Season 4 Range 42 Column 8,42,8,76.5,NA,NA,44,6.5,NA,NA,NA,27,NA,NA,NA,NA,21630
MAC Field Scanner Season 4 Range 42 Column 9,42,9,78.5,NA,NA,63,2.0833333333333335,NA,NA,NA,27,NA,NA,NA,NA,23820
MAC Field Scanner Season 4 Range 42 Column 11,42,11,55.5,NA,NA,79,2.0833333333333335,NA,NA,NA,24.5,NA,NA,NA,NA,45730
MAC Field Scanner Season 4 Range 42 Column 12,42,12,75,NA,NA,64,2.0833333333333335,NA,NA,NA,24.5,NA,NA,NA,NA,16320
MAC Field Scanner Season 4 Range 42 Column 15,42,15,77.5,NA,NA,61,2.0833333333333335,NA,NA,NA,24.5,NA,NA,NA,NA,10900
MAC Field Scanner Season 4 Range 43 Column 3,43,3,76.5,NA,NA,65,2.0833333333333335,NA,NA,NA,30,NA,NA,NA,NA,16470
MAC Field Scanner Season 4 Range 43 Column 4,43,4,55.5,NA,NA,64,2.0833333333333335,NA,NA,NA,25,NA,NA,NA,NA,31940
MAC Field Scanner Season 4 Range 43 Column 7,43,7,65,NA,NA,67,2.0833333333333335,NA,NA,NA,26,NA,NA,NA,NA,26520
MAC Field Scanner Season 4 Range 43 Column 10,43,10,73.5,NA,NA,54.5,2.0833333333333335,NA,NA,NA,25.5,NA,NA,NA,NA,1466
MAC Field Scanner Season 4 Range 43 Column 11,43,11,68,NA,NA,57.5,2.0833333333333335,NA,NA,NA,26,NA,NA,NA,NA,32510
MAC Field Scanner Season 4 Range 43 Column 13,43,13,68,NA,NA,29,6.5,NA,NA,NA,23.5,NA,NA,NA,NA,17580
MAC Field Scanner Season 4 Range 44 Column 2,44,2,62,NA,NA,75,2.0833333333333335,NA,NA,NA,29.5,NA,NA,NA,NA,28530
MAC Field Scanner Season 4 Range 44 Column 4,44,4,74.5,NA,NA,66,2.0833333333333335,NA,NA,NA,30.5,NA,NA,NA,NA,20860
MAC Field Scanner Season 4 Range 44 Column 5,44,5,55,NA,NA,66,2.0833333333333335,NA,NA,NA,31,NA,NA,NA,NA,33770
MAC Field Scanner Season 4 Range 44 Column 8,44,8,57.5,NA,NA,78.5,2.0833333333333335,NA,NA,NA,25.5,NA,NA,NA,NA,44040
MAC Field Scanner Season 4 Range 44 Column 9,44,9,65,NA,NA,64,2.0833333333333335,NA,NA,NA,27.5,NA,NA,NA,NA,6628
MAC Field Scanner Season 4 Range 44 Column 11,44,11,53.5,NA,NA,81.5,2.0833333333333335,NA,NA,NA,26.5,NA,NA,NA,NA,27290
MAC Field Scanner Season 4 Range 44 Column 13,44,13,74.5,NA,NA,50,2.0833333333333335,NA,NA,NA,23.5,NA,NA,NA,NA,25300
MAC Field Scanner Season 4 Range 44 Column 14,44,14,76,NA,NA,42,6.5,NA,NA,NA,26,NA,NA,NA,NA,30290
MAC Field Scanner Season 4 Range 44 Column 15,44,15,48.5,NA,NA,58,6.5,NA,NA,NA,22.5,NA,NA,NA,NA,16280
MAC Field Scanner Season 4 Range 45 Column 2,45,2,55,NA,NA,49,6.5,NA,NA,NA,30.5,NA,NA,NA,NA,10080
MAC Field Scanner Season 4 Range 45 Column 3,45,3,72.5,NA,NA,39,6.5,NA,NA,NA,30.5,NA,NA,NA,NA,29230
MAC Field Scanner Season 4 Range 45 Column 4,45,4,68,NA,NA,57,2.0833333333333335,NA,NA,NA,30.5,NA,NA,NA,NA,24240
MAC Field Scanner Season 4 Range 45 Column 8,45,8,73.5,NA,NA,65,2.0833333333333335,NA,NA,NA,29.5,NA,NA,NA,NA,32720
MAC Field Scanner Season 4 Range 45 Column 9,45,9,60,NA,NA,59,6.5,2,0.3386942197116869,59.650000000000006,27,13.2,18.5,80.4,806,22200
MAC Field Scanner Season 4 Range 45 Column 11,45,11,69.5,NA,NA,60,2.0833333333333335,NA,NA,NA,26.5,NA,NA,NA,NA,27760
MAC Field Scanner Season 4 Range 45 Column 12,45,12,75.5,0.8306250000000001,61.8,62,2.0833333333333335,NA,NA,NA,26,NA,NA,NA,NA,24190
MAC Field Scanner Season 4 Range 45 Column 13,45,13,48.5,NA,NA,71,2.0833333333333335,NA,NA,NA,26,NA,NA,NA,NA,35310
MAC Field Scanner Season 4 Range 46 Column 3,46,3,72.5,NA,NA,74,2.0833333333333335,NA,NA,NA,29.5,NA,NA,NA,NA,6551
MAC Field Scanner Season 4 Range 46 Column 4,46,4,59,NA,NA,67,2.0833333333333335,NA,NA,NA,26,NA,NA,NA,NA,14920
MAC Field Scanner Season 4 Range 46 Column 6,46,6,67.5,NA,NA,68,2.0833333333333335,NA,NA,47.75,25,NA,NA,NA,NA,6870
MAC Field Scanner Season 4 Range 46 Column 15,46,15,66,NA,NA,56,2.0833333333333335,NA,NA,NA,25,NA,NA,NA,NA,13780
MAC Field Scanner Season 4 Range 47 Column 4,47,4,70.5,NA,NA,35,6.5,NA,NA,NA,23,NA,NA,NA,NA,6259
MAC Field Scanner Season 4 Range 47 Column 6,47,6,60,NA,NA,43,6.5,NA,NA,NA,26,NA,NA,NA,NA,20230
MAC Field Scanner Season 4 Range 47 Column 14,47,14,74,NA,NA,51,2.0833333333333335,NA,NA,NA,24.5,NA,NA,NA,NA,31090
MAC Field Scanner Season 4 Range 47 Column 15,47,15,68,0.75675,50.666666666666664,60,2.0833333333333335,NA,NA,NA,24.5,NA,NA,NA,NA,16310
MAC Field Scanner Season 4 Range 48 Column 5,48,5,63.5,NA,NA,56,2.0833333333333335,NA,NA,NA,24,NA,NA,NA,NA,14790
MAC Field Scanner Season 4 Range 48 Column 6,48,6,62,NA,NA,73,2.0833333333333335,NA,NA,NA,26.5,NA,NA,NA,NA,25210
MAC Field Scanner Season 4 Range 48 Column 7,48,7,60,NA,NA,46,6.5,NA,NA,NA,25,NA,NA,NA,NA,39050
MAC Field Scanner Season 4 Range 48 Column 10,48,10,78.5,NA,NA,49,6.5,NA,NA,NA,28,NA,NA,NA,NA,26190
MAC Field Scanner Season 4 Range 48 Column 13,48,13,49.5,NA,NA,75,2.0833333333333335,2,NA,58.05,23.5,15.4,17.766666666666666,79,765,48660
MAC Field Scanner Season 4 Range 48 Column 14,48,14,75,NA,NA,43,6.5,NA,NA,NA,26,NA,NA,NA,NA,16930
MAC Field Scanner Season 4 Range 49 Column 5,49,5,74,0.8270000000000001,55.25,61,2.0833333333333335,NA,NA,NA,24,NA,NA,NA,NA,25790
MAC Field Scanner Season 4 Range 49 Column 8,49,8,52.5,NA,NA,68,2.0833333333333335,2.5,NA,58.3,26.5,13.56,18.35,63.5,735,31100
MAC Field Scanner Season 4 Range 49 Column 9,49,9,68.5,NA,NA,65,2.0833333333333335,5,NA,54.2,25,12.14,15.15,58,580,30460
MAC Field Scanner Season 4 Range 49 Column 11,49,11,67,NA,NA,61,2.0833333333333335,NA,NA,NA,27,NA,NA,NA,NA,10340
MAC Field Scanner Season 4 Range 49 Column 13,49,13,68,NA,NA,56,2.0833333333333335,NA,NA,NA,25.5,NA,NA,NA,NA,22020
MAC Field Scanner Season 4 Range 49 Column 14,49,14,59.5,NA,NA,52,2.0833333333333335,NA,NA,NA,25.5,NA,NA,NA,NA,12530
MAC Field Scanner Season 4 Range 49 Column 15,49,15,36.5,NA,NA,66,2.0833333333333335,NA,NA,NA,23,NA,NA,NA,NA,22100
MAC Field Scanner Season 4 Range 50 Column 4,50,4,66,NA,NA,59,2.0833333333333335,NA,NA,NA,30.5,NA,NA,NA,NA,11470
MAC Field Scanner Season 4 Range 50 Column 5,50,5,69,NA,NA,58,6.5,NA,NA,NA,31,NA,NA,NA,NA,21740
MAC Field Scanner Season 4 Range 50 Column 7,50,7,73.5,NA,NA,62,2.0833333333333335,NA,NA,NA,25,NA,NA,NA,NA,22150
MAC Field Scanner Season 4 Range 50 Column 8,50,8,73,NA,NA,64,2.0833333333333335,NA,NA,NA,28,NA,NA,NA,NA,37150
MAC Field Scanner Season 4 Range 50 Column 10,50,10,67.5,NA,NA,72,2.0833333333333335,NA,NA,35.650000000000006,28.5,NA,NA,NA,NA,13620
MAC Field Scanner Season 4 Range 50 Column 11,50,11,65,NA,NA,75.5,2.0833333333333335,NA,NA,NA,27,NA,NA,NA,NA,23620
MAC Field Scanner Season 4 Range 51 Column 4,51,4,70.5,NA,NA,56,2.0833333333333335,NA,NA,NA,25,NA,NA,NA,NA,22790
MAC Field Scanner Season 4 Range 51 Column 6,51,6,72,NA,NA,34,2.0833333333333335,NA,NA,NA,26,NA,NA,NA,NA,14040
MAC Field Scanner Season 4 Range 51 Column 9,51,9,71,NA,NA,77,2.0833333333333335,NA,NA,NA,26,NA,NA,NA,NA,20250
MAC Field Scanner Season 4 Range 51 Column 13,51,13,76,NA,NA,62,2.0833333333333335,NA,NA,NA,26,NA,NA,NA,NA,18370
MAC Field Scanner Season 4 Range 51 Column 15,51,15,36,NA,NA,44,2.0833333333333335,NA,NA,NA,26.5,NA,NA,NA,NA,12950
MAC Field Scanner Season 4 Range 52 Column 3,52,3,70,NA,NA,68.5,2.0833333333333335,NA,NA,42.05,26,NA,NA,NA,NA,17220
MAC Field Scanner Season 4 Range 52 Column 4,52,4,71.5,NA,NA,39,6.5,NA,NA,NA,25,NA,NA,NA,NA,29240
MAC Field Scanner Season 4 Range 52 Column 6,52,6,62,NA,NA,73,2.0833333333333335,NA,NA,NA,24.5,NA,NA,NA,NA,30780
MAC Field Scanner Season 4 Range 52 Column 7,52,7,55.5,NA,NA,70,2.0833333333333335,NA,NA,NA,24,NA,NA,NA,NA,35770
MAC Field Scanner Season 4 Range 52 Column 10,52,10,83,NA,NA,57,2.0833333333333335,NA,NA,NA,26.5,NA,NA,NA,NA,29500
MAC Field Scanner Season 4 Range 52 Column 11,52,11,83,NA,NA,55,2.0833333333333335,NA,NA,NA,24.5,NA,NA,NA,NA,20650
MAC Field Scanner Season 4 Range 52 Column 13,52,13,69,NA,NA,51,6.5,NA,NA,NA,25,NA,NA,NA,NA,37670
MAC Field Scanner Season 4 Range 52 Column 14,52,14,79.5,NA,NA,58,2.0833333333333335,NA,NA,NA,24.5,NA,NA,NA,NA,17310
MAC Field Scanner Season 4 Range 53 Column 4,53,4,NA,NA,NA,66,6.5,NA,NA,NA,NA,NA,NA,NA,NA,16230
MAC Field Scanner Season 4 Range 53 Column 6,53,6,NA,NA,NA,66,6.5,NA,NA,NA,NA,NA,NA,NA,NA,15700
MAC Field Scanner Season 4 Range 53 Column 9,53,9,NA,NA,NA,64,6.5,NA,NA,NA,NA,NA,NA,NA,NA,31810
MAC Field Scanner Season 4 Range 53 Column 13,53,13,NA,NA,NA,66,6.5,NA,NA,NA,NA,NA,NA,NA,NA,34620
MAC Field Scanner Season 4 Range 20 Column 8,20,8,72.5,0.8535,61,45,6.5,3,NA,36.25,25,10.2,15.274999999999999,57.5,530,NA
MAC Field Scanner Season 4 Range 2 Column 4,2,4,NA,NA,NA,51,6.5,NA,NA,NA,NA,NA,NA,NA,NA,17850
MAC Field Scanner Season 4 Range 2 Column 7,2,7,NA,NA,NA,54,6.5,NA,NA,NA,NA,NA,NA,NA,NA,33780
MAC Field Scanner Season 4 Range 2 Column 8,2,8,NA,NA,NA,56,6.5,NA,NA,NA,NA,NA,NA,NA,NA,21960
MAC Field Scanner Season 4 Range 2 Column 11,2,11,NA,NA,NA,58,6.5,NA,NA,NA,NA,NA,NA,NA,NA,31710
MAC Field Scanner Season 4 Range 2 Column 14,2,14,NA,NA,NA,48,6.5,NA,NA,NA,NA,NA,NA,NA,NA,15240
MAC Field Scanner Season 4 Range 2 Column 15,2,15,NA,NA,NA,55,6.5,NA,NA,NA,NA,NA,NA,NA,NA,22630
MAC Field Scanner Season 4 Range 3 Column 5,3,5,59.5,NA,NA,53,2.0833333333333335,NA,NA,NA,24.5,NA,NA,NA,NA,34370
MAC Field Scanner Season 4 Range 3 Column 7,3,7,74.5,NA,NA,41.5,2.0833333333333335,NA,NA,NA,25,NA,NA,NA,NA,20690
MAC Field Scanner Season 4 Range 3 Column 8,3,8,82.5,0.846125,70.66666666666667,53.5,2.0833333333333335,NA,NA,NA,26,NA,NA,NA,NA,21940
MAC Field Scanner Season 4 Range 3 Column 10,3,10,81.5,NA,NA,50.5,2.0833333333333335,NA,NA,21.5,24.5,NA,NA,NA,NA,25140
MAC Field Scanner Season 4 Range 3 Column 11,3,11,32,NA,NA,48.5,2.0833333333333335,NA,NA,NA,24,NA,NA,NA,NA,14400
MAC Field Scanner Season 4 Range 3 Column 14,3,14,52.5,NA,NA,42.5,2.0833333333333335,NA,NA,NA,24,NA,NA,NA,NA,7683
MAC Field Scanner Season 4 Range 3 Column 15,3,15,76.5,NA,NA,57,2.0833333333333335,NA,NA,NA,25,NA,NA,NA,NA,19020
MAC Field Scanner Season 4 Range 4 Column 4,4,4,49,NA,NA,52,2.0833333333333335,NA,NA,33.4,17.5,NA,NA,NA,NA,36400
MAC Field Scanner Season 4 Range 4 Column 5,4,5,51,NA,NA,33.5,2.0833333333333335,NA,NA,NA,22.5,NA,NA,NA,NA,13670
MAC Field Scanner Season 4 Range 4 Column 6,4,6,72.5,NA,NA,51.5,2.0833333333333335,NA,NA,NA,23,NA,NA,NA,NA,35640
MAC Field Scanner Season 4 Range 4 Column 7,4,7,76,NA,NA,51,2.0833333333333335,NA,NA,NA,24.5,NA,NA,NA,NA,17810
MAC Field Scanner Season 4 Range 4 Column 9,4,9,78,NA,NA,74,2.0833333333333335,NA,NA,NA,27.5,NA,NA,NA,NA,20770
MAC Field Scanner Season 4 Range 4 Column 10,4,10,82,NA,NA,45,2.0833333333333335,NA,NA,NA,25.5,NA,NA,NA,NA,17110
MAC Field Scanner Season 4 Range 4 Column 11,4,11,68,NA,NA,45.5,2.0833333333333335,NA,NA,NA,25,NA,NA,NA,NA,32070
MAC Field Scanner Season 4 Range 4 Column 14,4,14,68.5,1.045625,71.33333333333333,68.5,2.0833333333333335,NA,NA,NA,25,NA,NA,NA,NA,25140
MAC Field Scanner Season 4 Range 5 Column 3,5,3,53.5,NA,NA,56.5,2.0833333333333335,NA,NA,NA,22,NA,NA,NA,NA,28760
MAC Field Scanner Season 4 Range 5 Column 5,5,5,70.5,NA,NA,51.5,2.0833333333333335,NA,NA,31.5,25,NA,NA,NA,NA,14700
MAC Field Scanner Season 4 Range 5 Column 6,5,6,66,NA,NA,38.5,2.0833333333333335,NA,NA,NA,24,NA,NA,NA,NA,11210
MAC Field Scanner Season 4 Range 5 Column 7,5,7,57.5,NA,NA,64,2.0833333333333335,3,0.37726200736773713,44.2,18.5,13.24,17.28,63.5,725,46260
MAC Field Scanner Season 4 Range 5 Column 9,5,9,69,NA,NA,52,2.0833333333333335,NA,NA,NA,20,NA,NA,NA,NA,25650
MAC Field Scanner Season 4 Range 5 Column 13,5,13,66,NA,NA,55.5,2.0833333333333335,NA,NA,NA,25,NA,NA,NA,NA,12340
MAC Field Scanner Season 4 Range 5 Column 14,5,14,65.5,NA,NA,83,2.0833333333333335,NA,NA,NA,25.5,NA,NA,NA,NA,16840
MAC Field Scanner Season 4 Range 5 Column 15,5,15,69.5,NA,NA,61.5,2.0833333333333335,NA,NA,NA,25,NA,NA,NA,NA,16520
MAC Field Scanner Season 4 Range 6 Column 2,6,2,74,NA,NA,55,2.0833333333333335,NA,NA,NA,28.5,NA,NA,NA,NA,14710
MAC Field Scanner Season 4 Range 6 Column 3,6,3,50,NA,NA,36.5,2.0833333333333335,NA,NA,NA,22,NA,NA,NA,NA,14430
MAC Field Scanner Season 4 Range 6 Column 5,6,5,53,0.657375,32,62,2.0833333333333335,NA,NA,35.15,19.5,NA,NA,NA,NA,29810
MAC Field Scanner Season 4 Range 6 Column 7,6,7,47,NA,NA,33.5,2.0833333333333335,NA,NA,NA,17.5,NA,NA,NA,NA,22980
MAC Field Scanner Season 4 Range 6 Column 8,6,8,59,NA,NA,46,2.0833333333333335,NA,NA,NA,26.5,NA,NA,NA,NA,17700
MAC Field Scanner Season 4 Range 6 Column 9,6,9,78,NA,NA,54,2.0833333333333335,NA,NA,37.55,26,NA,NA,NA,NA,30120
MAC Field Scanner Season 4 Range 6 Column 10,6,10,64,NA,NA,43.5,2.0833333333333335,NA,NA,NA,28,NA,NA,NA,NA,21590
MAC Field Scanner Season 4 Range 6 Column 11,6,11,67.5,NA,NA,60.5,2.0833333333333335,NA,NA,NA,27,NA,NA,NA,NA,41840
MAC Field Scanner Season 4 Range 6 Column 12,6,12,78,NA,NA,47.5,2.0833333333333335,NA,NA,NA,22.5,NA,NA,NA,NA,19820
MAC Field Scanner Season 4 Range 6 Column 13,6,13,51.5,NA,NA,64,2.0833333333333335,NA,NA,51.9,23.5,NA,NA,NA,NA,27850
MAC Field Scanner Season 4 Range 6 Column 15,6,15,74,NA,NA,71.5,2.0833333333333335,NA,NA,NA,24.5,NA,NA,NA,NA,27270
MAC Field Scanner Season 4 Range 7 Column 2,7,2,67,NA,NA,62.5,2.0833333333333335,NA,NA,NA,24,NA,NA,NA,NA,42000
MAC Field Scanner Season 4 Range 7 Column 3,7,3,74,NA,NA,42,2.0833333333333335,NA,NA,NA,25.5,NA,NA,NA,NA,16360
MAC Field Scanner Season 4 Range 7 Column 4,7,4,58.5,NA,NA,45.5,2.0833333333333335,NA,NA,NA,26.5,NA,NA,NA,NA,23870
MAC Field Scanner Season 4 Range 7 Column 7,7,7,68.5,NA,NA,48,2.0833333333333335,NA,NA,NA,26,NA,NA,NA,NA,23980
MAC Field Scanner Season 4 Range 7 Column 10,7,10,73,NA,NA,27,2.0833333333333335,NA,NA,NA,24.5,NA,NA,NA,NA,7878
MAC Field Scanner Season 4 Range 7 Column 13,7,13,44.5,NA,NA,68.5,2.0833333333333335,NA,NA,NA,21.5,NA,NA,NA,NA,31570
MAC Field Scanner Season 4 Range 7 Column 14,7,14,65,NA,NA,58,2.0833333333333335,NA,NA,NA,17.5,NA,NA,NA,NA,23270
MAC Field Scanner Season 4 Range 8 Column 3,8,3,65.5,0.876375,56.5,53.5,2.0833333333333335,NA,NA,NA,29,NA,NA,NA,NA,23260
MAC Field Scanner Season 4 Range 8 Column 4,8,4,63,NA,NA,45.5,2.0833333333333335,NA,NA,NA,25.5,NA,NA,NA,NA,5968
MAC Field Scanner Season 4 Range 20 Column 2,20,2,61,NA,NA,62,2.0833333333333335,NA,NA,49,22,NA,NA,NA,NA,NA
MAC Field Scanner Season 4 Range 20 Column 7,20,7,63,NA,NA,56,2.0833333333333335,NA,NA,NA,24,NA,NA,NA,NA,26630
MAC Field Scanner Season 4 Range 20 Column 11,20,11,70,NA,NA,70,2.0833333333333335,NA,NA,NA,24.5,NA,NA,NA,NA,10950
MAC Field Scanner Season 4 Range 30 Column 8,30,8,62.5,NA,NA,41.5,2.0833333333333335,NA,NA,NA,24,NA,NA,NA,NA,NA
MAC Field Scanner Season 4 Range 20 Column 5,20,5,71.5,NA,NA,NA,NA,NA,NA,NA,27,NA,NA,NA,NA,18930
MAC Field Scanner Season 4 Range 30 Column 7,30,7,67,NA,NA,38,2.0833333333333335,NA,NA,35.2,23.5,NA,NA,NA,NA,NA
MAC Field Scanner Season 4 Range 30 Column 13,30,13,78.5,NA,NA,55,2.0833333333333335,NA,NA,NA,25,NA,NA,NA,NA,22850
MAC Field Scanner Season 4 Range 20 Column 3,20,3,60,NA,NA,72,2.0833333333333335,NA,NA,28.55,30.5,NA,NA,NA,NA,11110
MAC Field Scanner Season 4 Range 20 Column 9,20,9,69,NA,NA,NA,NA,NA,NA,NA,25,NA,NA,NA,NA,NA
MAC Field Scanner Season 4 Range 30 Column 9,30,9,75.5,NA,NA,54,2.0833333333333335,NA,NA,NA,25,NA,NA,NA,NA,12940
MAC Field Scanner Season 4 Range 10 Column 4,10,4,74.5,0.466375,34,44.5,2.0833333333333335,NA,NA,22.5,21,9.86,15.04,NA,NA,12780
MAC Field Scanner Season 4 Range 50 Column 6,50,6,72.5,0.9462499999999999,67.75,58,2.0833333333333335,3,0.34018264840185064,39.7,25.5,10.94,15.16,63,540,16680
MAC Field Scanner Season 4 Range 21 Column 8,21,8,46,0.604625,26.8,59,2.0833333333333335,4.666666666666667,0.31506849315071567,41.45,22,9.56,15.22,45,543.3333333333334,37240
MAC Field Scanner Season 4 Range 46 Column 14,46,14,72.5,NA,NA,67,2.0833333333333335,NA,NA,26.200000000000003,25,NA,NA,NA,NA,9948
MAC Field Scanner Season 4 Range 29 Column 11,29,11,70,NA,NA,47,2.0833333333333335,NA,NA,40.95,33.5,NA,NA,NA,NA,20730
MAC Field Scanner Season 4 Range 5 Column 16,5,16,NA,NA,NA,NA,NA,NA,NA,NA,NA,NA,NA,NA,NA,NA
MAC Field Scanner Season 4 Range 24 Column 1,24,1,NA,NA,NA,NA,NA,NA,NA,NA,NA,NA,NA,NA,NA,NA
MAC Field Scanner Season 4 Range 53 Column 1,53,1,NA,NA,NA,NA,NA,NA,NA,NA,NA,NA,NA,NA,NA,NA
MAC Field Scanner Season 4 Range 15 Column 16,15,16,NA,NA,NA,NA,NA,NA,NA,NA,NA,NA,NA,NA,NA,NA
MAC Field Scanner Season 4 Range 22 Column 16,22,16,NA,NA,NA,NA,NA,NA,NA,NA,NA,NA,NA,NA,NA,NA
MAC Field Scanner Season 4 Range 31 Column 1,31,1,NA,NA,NA,NA,NA,NA,NA,NA,NA,NA,NA,NA,NA,NA
MAC Field Scanner Season 4 Range 51 Column 1,51,1,NA,NA,NA,NA,NA,NA,NA,NA,NA,NA,NA,NA,NA,NA
MAC Field Scanner Season 4 Range 50 Column 1,50,1,NA,NA,NA,NA,NA,NA,NA,NA,NA,NA,NA,NA,NA,NA
MAC Field Scanner Season 4 Range 27 Column 16,27,16,NA,NA,NA,NA,NA,NA,NA,NA,NA,NA,NA,NA,NA,NA
MAC Field Scanner Season 4 Range 3 Column 1,3,1,NA,NA,NA,NA,NA,NA,NA,NA,NA,NA,NA,NA,NA,NA
MAC Field Scanner Season 4 Range 44 Column 16,44,16,NA,NA,NA,NA,NA,NA,NA,NA,NA,NA,NA,NA,NA,NA
MAC Field Scanner Season 4 Range 32 Column 1,32,1,NA,NA,NA,NA,NA,NA,NA,NA,NA,NA,NA,NA,NA,NA
MAC Field Scanner Season 4 Range 15 Column 1,15,1,NA,NA,NA,NA,NA,NA,NA,NA,NA,NA,NA,NA,NA,NA
MAC Field Scanner Season 4 Range 11 Column 1,11,1,NA,NA,NA,NA,NA,NA,NA,NA,NA,NA,NA,NA,NA,NA
MAC Field Scanner Season 4 Range 41 Column 16,41,16,NA,NA,NA,NA,NA,NA,NA,NA,NA,NA,NA,NA,NA,NA
MAC Field Scanner Season 4 Range 44 Column 1,44,1,NA,NA,NA,NA,NA,NA,NA,NA,NA,NA,NA,NA,NA,NA
MAC Field Scanner Season 4 Range 38 Column 1,38,1,NA,NA,NA,NA,NA,NA,NA,NA,NA,NA,NA,NA,NA,NA
MAC Field Scanner Season 4 Range 46 Column 1,46,1,NA,NA,NA,NA,NA,NA,NA,NA,NA,NA,NA,NA,NA,NA
MAC Field Scanner Season 4 Range 21 Column 1,21,1,NA,NA,NA,NA,NA,NA,NA,NA,NA,NA,NA,NA,NA,NA
MAC Field Scanner Season 4 Range 48 Column 16,48,16,NA,NA,NA,NA,NA,NA,NA,NA,NA,NA,NA,NA,NA,NA
MAC Field Scanner Season 4 Range 46 Column 16,46,16,NA,NA,NA,NA,NA,NA,NA,NA,NA,NA,NA,NA,NA,NA
MAC Field Scanner Season 4 Range 29 Column 1,29,1,NA,NA,NA,NA,NA,NA,NA,NA,NA,NA,NA,NA,NA,NA
MAC Field Scanner Season 4 Range 3 Column 16,3,16,NA,NA,NA,NA,NA,NA,NA,NA,NA,NA,NA,NA,NA,NA
MAC Field Scanner Season 4 Range 39 Column 1,39,1,NA,NA,NA,NA,NA,NA,NA,NA,NA,NA,NA,NA,NA,NA
MAC Field Scanner Season 4 Range 11 Column 16,11,16,NA,NA,NA,NA,NA,NA,NA,NA,NA,NA,NA,NA,NA,NA
MAC Field Scanner Season 4 Range 32 Column 16,32,16,NA,NA,NA,NA,NA,NA,NA,NA,NA,NA,NA,NA,NA,NA
MAC Field Scanner Season 4 Range 25 Column 1,25,1,NA,NA,NA,NA,NA,NA,NA,NA,NA,NA,NA,NA,NA,NA
MAC Field Scanner Season 4 Range 13 Column 16,13,16,NA,NA,NA,NA,NA,NA,NA,NA,NA,NA,NA,NA,NA,NA
MAC Field Scanner Season 4 Range 18 Column 16,18,16,NA,NA,NA,NA,NA,NA,NA,NA,NA,NA,NA,NA,NA,NA
MAC Field Scanner Season 4 Range 26 Column 16,26,16,NA,NA,NA,NA,NA,NA,NA,NA,NA,NA,NA,NA,NA,NA
MAC Field Scanner Season 4 Range 6 Column 1,6,1,NA,NA,NA,NA,NA,NA,NA,NA,NA,NA,NA,NA,NA,NA
MAC Field Scanner Season 4 Range 35 Column 16,35,16,NA,NA,NA,NA,NA,NA,NA,NA,NA,NA,NA,NA,NA,NA
MAC Field Scanner Season 4 Range 8 Column 1,8,1,NA,NA,NA,NA,NA,NA,NA,NA,NA,NA,NA,NA,NA,NA
MAC Field Scanner Season 4 Range 48 Column 1,48,1,NA,NA,NA,NA,NA,NA,NA,NA,NA,NA,NA,NA,NA,NA
MAC Field Scanner Season 4 Range 19 Column 16,19,16,NA,NA,NA,NA,NA,NA,NA,NA,NA,NA,NA,NA,NA,NA
MAC Field Scanner Season 4 Range 23 Column 1,23,1,NA,NA,NA,NA,NA,NA,NA,NA,NA,NA,NA,NA,NA,NA
MAC Field Scanner Season 4 Range 4 Column 1,4,1,NA,NA,NA,NA,NA,NA,NA,NA,NA,NA,NA,NA,NA,NA
MAC Field Scanner Season 4 Range 51 Column 16,51,16,NA,NA,NA,NA,NA,NA,NA,NA,NA,NA,NA,NA,NA,NA
MAC Field Scanner Season 4 Range 8 Column 16,8,16,NA,NA,NA,NA,NA,NA,NA,NA,NA,NA,NA,NA,NA,NA
MAC Field Scanner Season 4 Range 19 Column 1,19,1,NA,NA,NA,NA,NA,NA,NA,NA,NA,NA,NA,NA,NA,NA
MAC Field Scanner Season 4 Range 23 Column 16,23,16,NA,NA,NA,NA,NA,NA,NA,NA,NA,NA,NA,NA,NA,NA
MAC Field Scanner Season 4 Range 12 Column 16,12,16,NA,NA,NA,NA,NA,NA,NA,NA,NA,NA,NA,NA,NA,NA
MAC Field Scanner Season 4 Range 4 Column 16,4,16,NA,NA,NA,NA,NA,NA,NA,NA,NA,NA,NA,NA,NA,NA
MAC Field Scanner Season 4 Range 10 Column 1,10,1,NA,NA,NA,NA,NA,NA,NA,NA,NA,NA,NA,NA,NA,NA
MAC Field Scanner Season 4 Range 34 Column 16,34,16,NA,NA,NA,NA,NA,NA,NA,NA,NA,NA,NA,NA,NA,NA
MAC Field Scanner Season 4 Range 2 Column 1,2,1,NA,NA,NA,NA,NA,NA,NA,NA,NA,NA,NA,NA,NA,NA
MAC Field Scanner Season 4 Range 28 Column 1,28,1,NA,NA,NA,NA,NA,NA,NA,NA,NA,NA,NA,NA,NA,NA
MAC Field Scanner Season 4 Range 37 Column 1,37,1,NA,NA,NA,NA,NA,NA,NA,NA,NA,NA,NA,NA,NA,NA
MAC Field Scanner Season 4 Range 5 Column 1,5,1,NA,NA,NA,NA,NA,NA,NA,NA,NA,NA,NA,NA,NA,NA
MAC Field Scanner Season 4 Range 25 Column 16,25,16,NA,NA,NA,NA,NA,NA,NA,NA,NA,NA,NA,NA,NA,NA
MAC Field Scanner Season 4 Range 43 Column 16,43,16,NA,NA,NA,NA,NA,NA,NA,NA,NA,NA,NA,NA,NA,NA
MAC Field Scanner Season 4 Range 26 Column 1,26,1,NA,NA,NA,NA,NA,NA,NA,NA,NA,NA,NA,NA,NA,NA
MAC Field Scanner Season 4 Range 47 Column 1,47,1,NA,NA,NA,NA,NA,NA,NA,NA,NA,NA,NA,NA,NA,NA
MAC Field Scanner Season 4 Range 13 Column 1,13,1,NA,NA,NA,NA,NA,NA,NA,NA,NA,NA,NA,NA,NA,NA
MAC Field Scanner Season 4 Range 17 Column 16,17,16,NA,NA,NA,NA,NA,NA,NA,NA,NA,NA,NA,NA,NA,NA
MAC Field Scanner Season 4 Range 30 Column 6,30,6,58.5,0.85,47.666666666666664,NA,NA,NA,NA,NA,23,NA,NA,NA,NA,NA
MAC Field Scanner Season 4 Range 20 Column 6,20,6,46,NA,NA,50.5,2.0833333333333335,NA,NA,NA,23,NA,NA,NA,NA,3696
MAC Field Scanner Season 4 Range 30 Column 12,30,12,65.5,NA,NA,58.5,2.0833333333333335,NA,NA,NA,16.5,NA,NA,NA,NA,NA
MAC Field Scanner Season 4 Range 30 Column 4,30,4,46.5,NA,NA,57,2.0833333333333335,NA,NA,NA,20.5,NA,NA,NA,NA,NA
MAC Field Scanner Season 4 Range 20 Column 4,20,4,70,NA,NA,53,6.5,NA,NA,NA,31,NA,NA,NA,NA,NA
MAC Field Scanner Season 4 Range 20 Column 16,20,16,NA,NA,NA,NA,NA,NA,NA,NA,NA,NA,NA,NA,NA,NA
MAC Field Scanner Season 4 Range 30 Column 15,30,15,71.5,0.788625,58.75,60,2.0833333333333335,4,0.39358074867497594,37.6,25.5,9.46,14.36,40,473.3333333333333,25830
MAC Field Scanner Season 4 Range 9 Column 2,9,2,36,NA,NA,44.5,2.0833333333333335,NA,NA,NA,19,NA,NA,NA,NA,9052
MAC Field Scanner Season 4 Range 9 Column 6,9,6,68,NA,NA,44.5,2.0833333333333335,NA,NA,NA,27,NA,NA,NA,NA,13300
MAC Field Scanner Season 4 Range 9 Column 8,9,8,78.5,NA,NA,42.5,2.0833333333333335,NA,NA,34.85,25,NA,NA,NA,NA,24100
MAC Field Scanner Season 4 Range 9 Column 9,9,9,52.5,NA,NA,54.5,2.0833333333333335,NA,NA,41.3,21.5,NA,NA,NA,NA,42720
MAC Field Scanner Season 4 Range 9 Column 10,9,10,68,NA,NA,38,2.0833333333333335,NA,NA,NA,24,NA,NA,NA,NA,1673
MAC Field Scanner Season 4 Range 10 Column 3,10,3,74,NA,NA,52.5,2.0833333333333335,NA,NA,NA,24.5,NA,NA,NA,NA,20920
MAC Field Scanner Season 4 Range 10 Column 7,10,7,73.5,NA,NA,52,2.0833333333333335,NA,NA,NA,23,NA,NA,NA,NA,27500
MAC Field Scanner Season 4 Range 10 Column 8,10,8,70,NA,NA,61,2.0833333333333335,NA,NA,NA,26.5,NA,NA,NA,NA,24690
MAC Field Scanner Season 4 Range 10 Column 11,10,11,76,NA,NA,65.5,2.0833333333333335,NA,NA,41.45,24,NA,NA,NA,NA,29400
MAC Field Scanner Season 4 Range 10 Column 13,10,13,79.5,NA,NA,49.5,2.0833333333333335,NA,NA,NA,21.5,NA,NA,NA,NA,35400
MAC Field Scanner Season 4 Range 10 Column 14,10,14,72.5,NA,NA,74,2.0833333333333335,NA,NA,NA,24.5,NA,NA,NA,NA,19660
MAC Field Scanner Season 4 Range 11 Column 7,11,7,47,NA,NA,54.5,2.0833333333333335,NA,NA,NA,20,NA,NA,NA,NA,22030
MAC Field Scanner Season 4 Range 11 Column 8,11,8,67,NA,NA,53.5,2.0833333333333335,NA,NA,NA,24.5,NA,NA,NA,NA,9515
MAC Field Scanner Season 4 Range 11 Column 10,11,10,65.5,NA,NA,59,2.0833333333333335,NA,NA,NA,28,NA,NA,NA,NA,20140
MAC Field Scanner Season 4 Range 11 Column 12,11,12,62.5,NA,NA,58,2.0833333333333335,NA,NA,NA,22.5,NA,NA,NA,NA,20880
MAC Field Scanner Season 4 Range 11 Column 13,11,13,75.5,NA,NA,57,2.0833333333333335,NA,NA,NA,24.5,NA,NA,NA,NA,25330
MAC Field Scanner Season 4 Range 12 Column 4,12,4,72,NA,NA,57.5,2.0833333333333335,NA,NA,NA,23,NA,NA,NA,NA,24960
MAC Field Scanner Season 4 Range 12 Column 5,12,5,46,NA,NA,84,2.0833333333333335,NA,NA,NA,19.5,NA,NA,NA,NA,17590
MAC Field Scanner Season 4 Range 12 Column 6,12,6,72,NA,NA,39,2.0833333333333335,NA,NA,NA,27,NA,NA,NA,NA,45750
MAC Field Scanner Season 4 Range 12 Column 8,12,8,75,NA,NA,73,2.0833333333333335,NA,NA,NA,26.5,NA,NA,NA,NA,21390
MAC Field Scanner Season 4 Range 12 Column 11,12,11,71,NA,NA,34.5,2.0833333333333335,NA,NA,NA,21,NA,NA,NA,NA,25160
MAC Field Scanner Season 4 Range 12 Column 15,12,15,75.5,0.83,59.4,61,2.0833333333333335,3,NA,36.5,25.5,10.74,13.82,62,560,18050
MAC Field Scanner Season 4 Range 13 Column 3,13,3,62,NA,NA,57.5,2.0833333333333335,NA,NA,NA,28,NA,NA,NA,NA,16430
MAC Field Scanner Season 4 Range 13 Column 4,13,4,63.5,NA,NA,71,2.0833333333333335,NA,NA,45.95,30.5,NA,NA,NA,NA,26630
MAC Field Scanner Season 4 Range 13 Column 6,13,6,62.5,NA,NA,59,2.0833333333333335,NA,NA,NA,30,NA,NA,NA,NA,17550
MAC Field Scanner Season 4 Range 13 Column 7,13,7,47.5,NA,NA,62.5,2.0833333333333335,NA,NA,NA,25.5,NA,NA,NA,NA,43840
MAC Field Scanner Season 4 Range 13 Column 8,13,8,68.5,NA,NA,44.5,2.0833333333333335,NA,NA,NA,27,NA,NA,NA,NA,11580
MAC Field Scanner Season 4 Range 13 Column 11,13,11,71.5,NA,NA,60,2.0833333333333335,NA,NA,34.7,24,NA,NA,NA,NA,25900
MAC Field Scanner Season 4 Range 13 Column 14,13,14,79.5,0.671,53.5,61.5,2.0833333333333335,3.5,NA,42.85,25,10.9,13.92,65,560,32360
MAC Field Scanner Season 4 Range 13 Column 15,13,15,61,NA,NA,61,2.0833333333333335,NA,NA,NA,24.5,NA,NA,NA,NA,8841
MAC Field Scanner Season 4 Range 14 Column 2,14,2,50,NA,NA,76,2.0833333333333335,NA,NA,NA,20.5,NA,NA,NA,NA,1137
MAC Field Scanner Season 4 Range 14 Column 6,14,6,73.5,NA,NA,48,2.0833333333333335,NA,NA,NA,25.5,NA,NA,NA,NA,29740
MAC Field Scanner Season 4 Range 14 Column 8,14,8,71,NA,NA,52,2.0833333333333335,NA,NA,NA,22.5,NA,NA,NA,NA,30620
MAC Field Scanner Season 4 Range 14 Column 9,14,9,71.5,NA,NA,45.5,2.0833333333333335,NA,NA,NA,26.5,NA,NA,NA,NA,22490
MAC Field Scanner Season 4 Range 15 Column 2,15,2,47,NA,NA,65,2.0833333333333335,NA,NA,NA,28,NA,NA,NA,NA,38120
MAC Field Scanner Season 4 Range 15 Column 13,15,13,51.5,NA,NA,60,2.0833333333333335,NA,NA,NA,20.5,NA,NA,NA,NA,21870
MAC Field Scanner Season 4 Range 15 Column 14,15,14,64.5,NA,NA,60,2.0833333333333335,NA,NA,NA,25,NA,NA,NA,NA,22940
MAC Field Scanner Season 4 Range 16 Column 2,16,2,71.5,NA,NA,56,2.0833333333333335,NA,NA,NA,25.5,NA,NA,NA,NA,24380
MAC Field Scanner Season 4 Range 16 Column 3,16,3,57,NA,NA,34,2.0833333333333335,NA,NA,NA,26.5,NA,NA,NA,NA,13360
MAC Field Scanner Season 4 Range 16 Column 4,16,4,56.5,NA,NA,49,2.0833333333333335,NA,NA,NA,24.5,NA,NA,NA,NA,35010
MAC Field Scanner Season 4 Range 16 Column 6,16,6,66.5,NA,NA,50,2.0833333333333335,NA,NA,NA,25.5,NA,NA,NA,NA,28620
MAC Field Scanner Season 4 Range 16 Column 9,16,9,74,0.809625,59.625,84,2.0833333333333335,3.3333333333333335,0.3464737061196159,41.65,26,12.58,15.06,59.333333333333336,603.3333333333334,34610
MAC Field Scanner Season 4 Range 16 Column 10,16,10,61,NA,NA,31,2.0833333333333335,NA,NA,NA,19.5,NA,NA,NA,NA,10310
MAC Field Scanner Season 4 Range 16 Column 13,16,13,73.5,0.703625,50.6,56,2.0833333333333335,NA,NA,NA,24,NA,NA,NA,NA,22990
MAC Field Scanner Season 4 Range 17 Column 4,17,4,66.5,0.771,51.125,36,6.5,NA,NA,NA,30,NA,NA,NA,NA,13400
MAC Field Scanner Season 4 Range 17 Column 6,17,6,70,NA,NA,30,6.5,NA,NA,NA,25,NA,NA,NA,NA,17290
MAC Field Scanner Season 4 Range 17 Column 8,17,8,82,NA,NA,59,2.0833333333333335,4.5,0.32170092516632603,50.650000000000006,25,11.775,16.24,51.25,637.5,33250
MAC Field Scanner Season 4 Range 17 Column 9,17,9,73,0.77375,56.166666666666664,59,2.0833333333333335,3,0.3607582551296703,NA,26.5,9.16,15.42,42,540,32590
MAC Field Scanner Season 4 Range 17 Column 13,17,13,74,NA,NA,58.5,2.0833333333333335,NA,NA,NA,25.5,NA,NA,NA,NA,22810
MAC Field Scanner Season 4 Range 17 Column 15,17,15,75,NA,NA,57,6.5,NA,NA,NA,23.5,NA,NA,NA,NA,22780
MAC Field Scanner Season 4 Range 18 Column 2,18,2,68,NA,NA,52.5,2.0833333333333335,NA,NA,NA,29,NA,NA,NA,NA,9693
MAC Field Scanner Season 4 Range 18 Column 3,18,3,71,NA,NA,66,2.0833333333333335,NA,NA,NA,30,NA,NA,NA,NA,30080
MAC Field Scanner Season 4 Range 18 Column 4,18,4,63,NA,NA,66,2.0833333333333335,NA,NA,NA,30,NA,NA,NA,NA,11840
MAC Field Scanner Season 4 Range 18 Column 8,18,8,72.5,NA,NA,56,2.0833333333333335,NA,NA,NA,21.5,NA,NA,NA,NA,30420
MAC Field Scanner Season 4 Range 18 Column 9,18,9,69.5,0.933625,64.75,61,2.0833333333333335,NA,NA,NA,28,NA,NA,NA,NA,30280
MAC Field Scanner Season 4 Range 18 Column 10,18,10,79,NA,NA,62,2.0833333333333335,NA,NA,NA,28,NA,NA,NA,NA,18680
MAC Field Scanner Season 4 Range 18 Column 11,18,11,76.5,NA,NA,52,6.5,NA,NA,NA,26.5,NA,NA,NA,NA,24030
MAC Field Scanner Season 4 Range 18 Column 12,18,12,72,NA,NA,63,2.0833333333333335,NA,NA,NA,21.5,NA,NA,NA,NA,15260
MAC Field Scanner Season 4 Range 18 Column 13,18,13,71.5,NA,NA,62.5,2.0833333333333335,NA,NA,NA,24.5,NA,NA,NA,NA,24780
MAC Field Scanner Season 4 Range 18 Column 14,18,14,51,NA,NA,46,2.0833333333333335,NA,NA,25.65,18,NA,NA,NA,NA,22410
MAC Field Scanner Season 4 Range 18 Column 15,18,15,84.5,NA,NA,97,2.0833333333333335,NA,NA,NA,25.5,NA,NA,NA,NA,14890
MAC Field Scanner Season 4 Range 19 Column 4,19,4,68.5,NA,NA,49.5,2.0833333333333335,NA,NA,NA,30,NA,NA,NA,NA,26270
MAC Field Scanner Season 4 Range 19 Column 6,19,6,62.5,NA,NA,66.5,2.0833333333333335,3,0.28571600023058946,44.9,23,13.6,18.68,62.5,682.5,52200
MAC Field Scanner Season 4 Range 19 Column 7,19,7,65.5,NA,NA,67,2.0833333333333335,NA,NA,NA,25,NA,NA,NA,NA,19730
MAC Field Scanner Season 4 Range 19 Column 12,19,12,77.5,NA,NA,54,2.0833333333333335,NA,NA,NA,27.5,NA,NA,NA,NA,18150
MAC Field Scanner Season 4 Range 19 Column 13,19,13,52,NA,NA,69.5,2.0833333333333335,NA,NA,NA,22.5,NA,NA,NA,NA,NA
MAC Field Scanner Season 4 Range 21 Column 3,21,3,56,1.0711249999999999,60.333333333333336,59,2.0833333333333335,NA,NA,NA,31.5,NA,NA,NA,NA,NA
MAC Field Scanner Season 4 Range 21 Column 5,21,5,46.5,NA,NA,70,2.0833333333333335,NA,NA,47.349999999999994,24,NA,NA,NA,NA,18040
MAC Field Scanner Season 4 Range 21 Column 6,21,6,72,NA,NA,45.5,2.0833333333333335,NA,NA,NA,23.5,NA,NA,NA,NA,30920
MAC Field Scanner Season 4 Range 21 Column 11,21,11,73,NA,NA,56,2.0833333333333335,NA,NA,33.8,24,NA,NA,NA,NA,13300
MAC Field Scanner Season 4 Range 21 Column 14,21,14,77,NA,NA,63,2.0833333333333335,NA,NA,NA,24.5,NA,NA,NA,NA,28420
MAC Field Scanner Season 4 Range 21 Column 15,21,15,84.5,NA,NA,48,2.0833333333333335,NA,NA,31.1,24.5,NA,NA,NA,NA,9413
MAC Field Scanner Season 4 Range 22 Column 2,22,2,73,NA,NA,51,2.0833333333333335,NA,NA,NA,30.5,NA,NA,NA,NA,12510
MAC Field Scanner Season 4 Range 22 Column 3,22,3,70.5,NA,NA,39,6.5,NA,NA,NA,28.5,NA,NA,NA,NA,16550
MAC Field Scanner Season 4 Range 22 Column 7,22,7,74,NA,NA,48,2.0833333333333335,NA,NA,NA,25,NA,NA,NA,NA,32030
MAC Field Scanner Season 4 Range 22 Column 9,22,9,73.5,NA,NA,66,2.0833333333333335,NA,NA,NA,23.5,NA,NA,NA,NA,43590
MAC Field Scanner Season 4 Range 22 Column 12,22,12,77.5,NA,NA,41,2.0833333333333335,NA,NA,NA,22.5,NA,NA,NA,NA,19270
MAC Field Scanner Season 4 Range 22 Column 14,22,14,63.5,NA,NA,51,2.0833333333333335,NA,NA,NA,20.5,NA,NA,NA,NA,36050
MAC Field Scanner Season 4 Range 23 Column 3,23,3,68,NA,NA,44,6.5,NA,NA,34.35,28,NA,NA,NA,NA,18820
MAC Field Scanner Season 4 Range 23 Column 4,23,4,66.5,NA,NA,53,2.0833333333333335,NA,NA,NA,32,NA,NA,NA,NA,29480
MAC Field Scanner Season 4 Range 23 Column 6,23,6,62,NA,NA,79,2.0833333333333335,NA,NA,NA,25,NA,NA,NA,NA,28270
MAC Field Scanner Season 4 Range 23 Column 7,23,7,77.5,NA,NA,40,2.0833333333333335,NA,NA,NA,24.5,NA,NA,NA,NA,17900
MAC Field Scanner Season 4 Range 23 Column 10,23,10,78,NA,NA,58,2.0833333333333335,NA,NA,NA,25,NA,NA,NA,NA,16540
MAC Field Scanner Season 4 Range 23 Column 11,23,11,66,NA,NA,42.5,2.0833333333333335,NA,NA,NA,20.5,NA,NA,NA,NA,27210
MAC Field Scanner Season 4 Range 23 Column 14,23,14,71.5,1.0614999999999999,75,96,2.0833333333333335,NA,NA,59.9,26.5,NA,NA,NA,NA,17470
MAC Field Scanner Season 4 Range 24 Column 2,24,2,65,NA,NA,45,6.5,NA,NA,NA,30,NA,NA,NA,NA,23130
MAC Field Scanner Season 4 Range 24 Column 3,24,3,67.5,NA,NA,42,6.5,NA,NA,NA,31.5,NA,NA,NA,NA,12590
MAC Field Scanner Season 4 Range 24 Column 4,24,4,70,NA,NA,53,2.0833333333333335,NA,NA,NA,24.5,NA,NA,NA,NA,15640
MAC Field Scanner Season 4 Range 24 Column 9,24,9,74,NA,NA,74,2.0833333333333335,NA,NA,NA,24.5,NA,NA,NA,NA,26240
MAC Field Scanner Season 4 Range 24 Column 10,24,10,75.5,NA,NA,29,6.5,NA,NA,NA,25,NA,NA,NA,NA,26370
MAC Field Scanner Season 4 Range 24 Column 14,24,14,69.5,NA,NA,95,2.0833333333333335,NA,NA,NA,27,NA,NA,NA,NA,20070
MAC Field Scanner Season 4 Range 25 Column 2,25,2,46,NA,NA,42,2.0833333333333335,NA,NA,NA,20,NA,NA,NA,NA,12370
MAC Field Scanner Season 4 Range 25 Column 6,25,6,57.5,NA,NA,42,6.5,NA,NA,NA,27.5,NA,NA,NA,NA,24940
MAC Field Scanner Season 4 Range 25 Column 8,25,8,61,NA,NA,11,2.0833333333333335,NA,NA,NA,22.5,NA,NA,NA,NA,15830
MAC Field Scanner Season 4 Range 25 Column 11,25,11,68,NA,NA,33,2.0833333333333335,NA,NA,NA,25,NA,NA,NA,NA,13640
MAC Field Scanner Season 4 Range 25 Column 12,25,12,62,NA,NA,40,6.5,NA,NA,NA,25,NA,NA,NA,NA,46300
MAC Field Scanner Season 4 Range 25 Column 14,25,14,75.5,NA,NA,51,6.5,NA,NA,NA,27.5,NA,NA,NA,NA,31200
MAC Field Scanner Season 4 Range 26 Column 2,26,2,58,NA,NA,71,2.0833333333333335,NA,NA,46.75,28.5,NA,NA,NA,NA,17930
MAC Field Scanner Season 4 Range 26 Column 3,26,3,57.5,NA,NA,38,2.0833333333333335,NA,NA,NA,29.5,NA,NA,NA,NA,7938
MAC Field Scanner Season 4 Range 26 Column 4,26,4,51.5,NA,NA,50,6.5,NA,NA,NA,17,NA,NA,NA,NA,43940
MAC Field Scanner Season 4 Range 26 Column 5,26,5,72,NA,NA,47.5,2.0833333333333335,NA,NA,NA,31.5,NA,NA,NA,NA,27740
MAC Field Scanner Season 4 Range 26 Column 7,26,7,65.5,NA,NA,44,6.5,NA,NA,NA,24.5,NA,NA,NA,NA,28930
MAC Field Scanner Season 4 Range 26 Column 11,26,11,68.5,NA,NA,48,2.0833333333333335,NA,NA,NA,25,NA,NA,NA,NA,16150
MAC Field Scanner Season 4 Range 26 Column 12,26,12,56,NA,NA,38,2.0833333333333335,NA,NA,NA,24,NA,NA,NA,NA,14060
MAC Field Scanner Season 4 Range 27 Column 4,27,4,70.5,NA,NA,57,2.0833333333333335,NA,NA,NA,31,NA,NA,NA,NA,17410
MAC Field Scanner Season 4 Range 27 Column 5,27,5,73,NA,NA,60.5,2.0833333333333335,NA,NA,NA,27.5,NA,NA,NA,NA,18430
MAC Field Scanner Season 4 Range 27 Column 6,27,6,54,NA,NA,48,2.0833333333333335,NA,NA,NA,24,NA,NA,NA,NA,19150
MAC Field Scanner Season 4 Range 27 Column 7,27,7,74,NA,NA,59,2.0833333333333335,NA,NA,NA,25,NA,NA,NA,NA,28130
MAC Field Scanner Season 4 Range 27 Column 10,27,10,83.5,NA,NA,100,2.0833333333333335,NA,NA,NA,23,NA,NA,NA,NA,60950
MAC Field Scanner Season 4 Range 27 Column 13,27,13,73,NA,NA,37,6.5,NA,NA,NA,28,NA,NA,NA,NA,23230
MAC Field Scanner Season 4 Range 27 Column 14,27,14,78,NA,NA,67.5,2.0833333333333335,NA,NA,NA,30.5,NA,NA,NA,NA,22310
MAC Field Scanner Season 4 Range 27 Column 15,27,15,85,NA,NA,76,2.0833333333333335,NA,NA,NA,28,NA,NA,NA,NA,24160
MAC Field Scanner Season 4 Range 28 Column 2,28,2,71.5,NA,NA,52,6.5,NA,NA,NA,29,NA,NA,NA,NA,23730
MAC Field Scanner Season 4 Range 28 Column 3,28,3,64.5,NA,NA,64,2.0833333333333335,NA,NA,NA,19.5,NA,NA,NA,NA,NA
MAC Field Scanner Season 4 Range 28 Column 4,28,4,63,NA,NA,62.5,2.0833333333333335,NA,NA,NA,25,NA,NA,NA,NA,NA
MAC Field Scanner Season 4 Range 28 Column 5,28,5,74.5,NA,NA,44,6.5,NA,NA,NA,25,NA,NA,NA,NA,19910
MAC Field Scanner Season 4 Range 28 Column 7,28,7,66,NA,NA,61,2.0833333333333335,NA,NA,NA,24,NA,NA,NA,NA,29770
MAC Field Scanner Season 4 Range 28 Column 8,28,8,68.5,NA,NA,65.5,2.0833333333333335,NA,NA,NA,23,NA,NA,NA,NA,22610
MAC Field Scanner Season 4 Range 28 Column 10,28,10,43.5,NA,NA,55,2.0833333333333335,NA,NA,NA,19.5,NA,NA,NA,NA,23710
MAC Field Scanner Season 4 Range 28 Column 12,28,12,70.5,NA,NA,58,2.0833333333333335,NA,NA,NA,23.5,NA,NA,NA,NA,20100
MAC Field Scanner Season 4 Range 28 Column 13,28,13,63,NA,NA,46,6.5,NA,NA,NA,23,NA,NA,NA,NA,26320
MAC Field Scanner Season 4 Range 28 Column 15,28,15,82.5,NA,NA,48,6.5,NA,NA,NA,27,NA,NA,NA,NA,15850
MAC Field Scanner Season 4 Range 29 Column 2,29,2,62,NA,NA,76,2.0833333333333335,NA,NA,NA,30,NA,NA,NA,NA,20640
MAC Field Scanner Season 4 Range 29 Column 5,29,5,56.5,NA,NA,59.5,2.0833333333333335,NA,NA,NA,25,NA,NA,NA,NA,35150
MAC Field Scanner Season 4 Range 29 Column 6,29,6,68,0.4805,33.5,44,6.5,3.3333333333333335,0.3414505485870009,45.900000000000006,24.5,12.1,16.62,64,600,16830
MAC Field Scanner Season 4 Range 29 Column 7,29,7,80.5,0.808,64.5,68,2.0833333333333335,NA,NA,NA,27,NA,NA,NA,NA,24930
MAC Field Scanner Season 4 Range 29 Column 8,29,8,73.5,NA,NA,69,2.0833333333333335,NA,NA,NA,25,NA,NA,NA,NA,29340
MAC Field Scanner Season 4 Range 29 Column 9,29,9,67.5,NA,NA,59,2.0833333333333335,NA,NA,NA,23,NA,NA,NA,NA,38200
MAC Field Scanner Season 4 Range 29 Column 10,29,10,14,NA,NA,46,2.0833333333333335,NA,NA,NA,23.5,NA,NA,NA,NA,21130
MAC Field Scanner Season 4 Range 29 Column 12,29,12,73.5,NA,NA,58,2.0833333333333335,NA,NA,NA,32,NA,NA,NA,NA,30370
MAC Field Scanner Season 4 Range 29 Column 13,29,13,65.5,NA,NA,54,2.0833333333333335,NA,NA,NA,25.5,NA,NA,NA,NA,NA
MAC Field Scanner Season 4 Range 31 Column 2,31,2,64.5,NA,NA,78.5,2.0833333333333335,NA,NA,47.55,32,NA,NA,NA,NA,NA
MAC Field Scanner Season 4 Range 31 Column 3,31,3,72,NA,NA,63,2.0833333333333335,NA,NA,NA,30.5,NA,NA,NA,NA,16080
MAC Field Scanner Season 4 Range 31 Column 4,31,4,4.5,NA,NA,35,6.5,NA,NA,NA,26,NA,NA,NA,NA,7709
MAC Field Scanner Season 4 Range 31 Column 5,31,5,59,NA,NA,51,2.0833333333333335,NA,NA,NA,23.5,NA,NA,NA,NA,33440
MAC Field Scanner Season 4 Range 31 Column 6,31,6,62.5,NA,NA,64.5,2.0833333333333335,NA,NA,NA,24.5,NA,NA,NA,NA,29930
MAC Field Scanner Season 4 Range 31 Column 8,31,8,74,NA,NA,42,6.5,NA,NA,NA,23,NA,NA,NA,NA,23550
MAC Field Scanner Season 4 Range 31 Column 10,31,10,71.5,NA,NA,66,2.0833333333333335,NA,NA,NA,30.5,NA,NA,NA,NA,11910
MAC Field Scanner Season 4 Range 31 Column 13,31,13,70,0.75525,52.666666666666664,49,6.5,5,NA,50,25,12.36,17.5,62,570,26710
MAC Field Scanner Season 4 Range 32 Column 3,32,3,68.5,NA,NA,58,2.0833333333333335,NA,NA,NA,28,NA,NA,NA,NA,32250
MAC Field Scanner Season 4 Range 32 Column 4,32,4,60.5,NA,NA,72.5,2.0833333333333335,NA,NA,60,31,NA,NA,NA,NA,5989
MAC Field Scanner Season 4 Range 32 Column 5,32,5,71,NA,NA,43,6.5,NA,NA,NA,31,NA,NA,NA,NA,NA
MAC Field Scanner Season 4 Range 32 Column 11,32,11,72.5,NA,NA,46,6.5,NA,NA,NA,26.5,NA,NA,NA,NA,21440
MAC Field Scanner Season 4 Range 32 Column 12,32,12,67.5,NA,NA,49,6.5,NA,NA,NA,31.5,NA,NA,NA,NA,35460
MAC Field Scanner Season 4 Range 32 Column 13,32,13,65.5,NA,NA,64,2.0833333333333335,NA,NA,NA,30.5,NA,NA,NA,NA,12110
MAC Field Scanner Season 4 Range 33 Column 3,33,3,65.5,NA,NA,62,2.0833333333333335,NA,NA,NA,29,NA,NA,NA,NA,19500
MAC Field Scanner Season 4 Range 33 Column 4,33,4,68.5,NA,NA,54,2.0833333333333335,NA,NA,NA,24.5,NA,NA,NA,NA,43140
MAC Field Scanner Season 4 Range 33 Column 5,33,5,59,NA,NA,67.5,2.0833333333333335,NA,NA,NA,25,NA,NA,NA,NA,19080
MAC Field Scanner Season 4 Range 33 Column 6,33,6,63,NA,NA,64,2.0833333333333335,NA,NA,33.15,26.5,NA,NA,NA,NA,24360
MAC Field Scanner Season 4 Range 33 Column 10,33,10,51.5,NA,NA,34,2.0833333333333335,NA,NA,38.25,15.5,NA,NA,NA,NA,15870
MAC Field Scanner Season 4 Range 33 Column 12,33,12,61,NA,NA,44.5,2.0833333333333335,NA,NA,NA,23,NA,NA,NA,NA,18550
MAC Field Scanner Season 4 Range 33 Column 15,33,15,76.5,NA,NA,38,6.5,NA,NA,NA,24.5,NA,NA,NA,NA,20850
MAC Field Scanner Season 4 Range 34 Column 2,34,2,71.5,NA,NA,40,2.0833333333333335,NA,NA,NA,30.5,NA,NA,NA,NA,14050
MAC Field Scanner Season 4 Range 34 Column 3,34,3,63,NA,NA,38,6.5,NA,NA,NA,32.5,NA,NA,NA,NA,21410
MAC Field Scanner Season 4 Range 34 Column 4,34,4,74,0.99975,71,46,2.0833333333333335,3.3333333333333335,0.2857166831014587,35.95,28,9.34,12.55,56.666666666666664,576.6666666666666,16450
MAC Field Scanner Season 4 Range 34 Column 6,34,6,66,NA,NA,51.5,2.0833333333333335,NA,NA,NA,24.5,NA,NA,NA,NA,13390
MAC Field Scanner Season 4 Range 34 Column 7,34,7,68,NA,NA,57,2.0833333333333335,NA,NA,NA,22.5,NA,NA,NA,NA,30290
MAC Field Scanner Season 4 Range 34 Column 8,34,8,74.5,NA,NA,66,2.0833333333333335,NA,NA,NA,26,NA,NA,NA,NA,14220
MAC Field Scanner Season 4 Range 34 Column 9,34,9,72,NA,NA,36,6.5,NA,NA,NA,26,NA,NA,NA,NA,16660
MAC Field Scanner Season 4 Range 34 Column 10,34,10,70.5,NA,NA,37,6.5,NA,NA,NA,24.5,NA,NA,NA,NA,23210
MAC Field Scanner Season 4 Range 34 Column 11,34,11,65.5,NA,NA,53,2.0833333333333335,NA,NA,NA,26,NA,NA,NA,NA,29460
MAC Field Scanner Season 4 Range 34 Column 12,34,12,74.5,NA,NA,49,2.0833333333333335,NA,NA,NA,24,NA,NA,NA,NA,11700
MAC Field Scanner Season 4 Range 34 Column 13,34,13,68,NA,NA,60,2.0833333333333335,NA,NA,40.45,24.5,NA,NA,NA,NA,37020
MAC Field Scanner Season 4 Range 34 Column 14,34,14,71.5,NA,NA,78,2.0833333333333335,NA,NA,58.4,23,NA,NA,NA,NA,28470
MAC Field Scanner Season 4 Range 34 Column 15,34,15,73,NA,NA,61,2.0833333333333335,NA,NA,NA,26,NA,NA,NA,NA,NA
MAC Field Scanner Season 4 Range 35 Column 4,35,4,58,0.9925,59.25,49,2.0833333333333335,NA,NA,NA,28,NA,NA,NA,NA,17570
MAC Field Scanner Season 4 Range 35 Column 6,35,6,74,0.794875,63,66.5,2.0833333333333335,NA,NA,NA,25,NA,NA,NA,NA,32480
MAC Field Scanner Season 4 Range 35 Column 9,35,9,60.5,0.662,40,71,2.0833333333333335,NA,NA,54.2,24,NA,NA,NA,NA,41040
MAC Field Scanner Season 4 Range 35 Column 10,35,10,76.5,1.01225,77.4,56,6.5,NA,NA,43.15,26,NA,NA,NA,NA,10660
MAC Field Scanner Season 4 Range 35 Column 11,35,11,71.5,NA,NA,41,6.5,NA,NA,NA,24.5,NA,NA,NA,NA,7158
MAC Field Scanner Season 4 Range 35 Column 14,35,14,74.5,0.774,56.2,42,6.5,NA,NA,NA,26,NA,NA,NA,NA,11970
MAC Field Scanner Season 4 Range 36 Column 2,36,2,70,NA,NA,51,6.5,NA,NA,NA,32.5,NA,NA,NA,NA,15750
MAC Field Scanner Season 4 Range 36 Column 3,36,3,53.5,NA,NA,55,6.5,NA,NA,NA,26.5,NA,NA,NA,NA,25870
MAC Field Scanner Season 4 Range 36 Column 5,36,5,62,NA,NA,61,2.0833333333333335,NA,NA,NA,24,NA,NA,NA,NA,20040
MAC Field Scanner Season 4 Range 36 Column 6,36,6,71,NA,NA,51,2.0833333333333335,NA,NA,NA,27,NA,NA,NA,NA,19030
MAC Field Scanner Season 4 Range 36 Column 7,36,7,69,NA,NA,35,6.5,NA,NA,NA,26,NA,NA,NA,NA,17240
MAC Field Scanner Season 4 Range 36 Column 9,36,9,79.5,NA,NA,69,2.0833333333333335,NA,NA,NA,25,NA,NA,NA,NA,31140
MAC Field Scanner Season 4 Range 36 Column 14,36,14,56,NA,NA,38,2.0833333333333335,NA,NA,NA,24,NA,NA,NA,NA,21420
MAC Field Scanner Season 4 Range 37 Column 6,37,6,70.5,NA,NA,68,2.0833333333333335,NA,NA,NA,27.5,NA,NA,NA,NA,45860
MAC Field Scanner Season 4 Range 37 Column 7,37,7,47,NA,NA,79,2.0833333333333335,NA,NA,NA,22.5,NA,NA,NA,NA,37320
MAC Field Scanner Season 4 Range 37 Column 11,37,11,62.5,NA,NA,50,6.5,NA,NA,NA,27,NA,NA,NA,NA,27190
MAC Field Scanner Season 4 Range 37 Column 12,37,12,77,NA,NA,67,2.0833333333333335,NA,NA,NA,25.5,NA,NA,NA,NA,14100
MAC Field Scanner Season 4 Range 37 Column 13,37,13,69.5,NA,NA,53,2.0833333333333335,NA,NA,NA,27,NA,NA,NA,NA,29140
MAC Field Scanner Season 4 Range 37 Column 15,37,15,30,NA,NA,64,2.0833333333333335,NA,NA,NA,17.5,NA,NA,NA,NA,9668
MAC Field Scanner Season 4 Range 38 Column 2,38,2,51,NA,NA,97,2.0833333333333335,NA,NA,59.7,29.5,NA,NA,NA,NA,15120
MAC Field Scanner Season 4 Range 38 Column 4,38,4,73.5,NA,NA,68,2.0833333333333335,NA,NA,NA,28,NA,NA,NA,NA,16630
MAC Field Scanner Season 4 Range 38 Column 6,38,6,67.5,NA,NA,68,2.0833333333333335,NA,NA,NA,26.5,NA,NA,NA,NA,23340
MAC Field Scanner Season 4 Range 38 Column 8,38,8,78.5,NA,NA,63.5,2.0833333333333335,NA,NA,NA,26.5,NA,NA,NA,NA,25770
MAC Field Scanner Season 4 Range 38 Column 11,38,11,73,NA,NA,56.5,2.0833333333333335,NA,NA,NA,25,NA,NA,NA,NA,28140
MAC Field Scanner Season 4 Range 38 Column 12,38,12,62,NA,NA,38,6.5,NA,NA,NA,26,NA,NA,NA,NA,11950
MAC Field Scanner Season 4 Range 38 Column 13,38,13,57,NA,NA,78,2.0833333333333335,NA,NA,NA,23.5,NA,NA,NA,NA,42420
MAC Field Scanner Season 4 Range 38 Column 15,38,15,71,NA,NA,42,6.5,NA,NA,NA,26.5,NA,NA,NA,NA,10160
MAC Field Scanner Season 4 Range 39 Column 2,39,2,70.5,NA,NA,55,2.0833333333333335,NA,NA,NA,30,NA,NA,NA,NA,6921
MAC Field Scanner Season 4 Range 39 Column 3,39,3,75.5,0.918375,69,48,6.5,3,0.36370474211528186,49.8,31,10.76,14.76,55.75,655,17910
MAC Field Scanner Season 4 Range 39 Column 4,39,4,67,1.15375,73.5,48,6.5,NA,NA,NA,27.5,NA,NA,NA,NA,17300
MAC Field Scanner Season 4 Range 39 Column 5,39,5,70.5,NA,NA,42,2.0833333333333335,NA,NA,NA,23,NA,NA,NA,NA,24040
MAC Field Scanner Season 4 Range 39 Column 6,39,6,70.5,NA,NA,65,2.0833333333333335,NA,NA,54.900000000000006,24.5,NA,NA,NA,NA,21590
MAC Field Scanner Season 4 Range 39 Column 9,39,9,64.5,NA,NA,76,2.0833333333333335,NA,NA,NA,23,NA,NA,NA,NA,26210
MAC Field Scanner Season 4 Range 39 Column 12,39,12,73.5,NA,NA,59.5,2.0833333333333335,NA,NA,NA,25,NA,NA,NA,NA,3605
MAC Field Scanner Season 4 Range 39 Column 13,39,13,65.5,NA,NA,76.5,2.0833333333333335,NA,NA,NA,24.5,NA,NA,NA,NA,24150
MAC Field Scanner Season 4 Range 39 Column 15,39,15,41.5,NA,NA,67,2.0833333333333335,NA,NA,NA,18,NA,NA,NA,NA,7112
MAC Field Scanner Season 4 Range 40 Column 3,40,3,61,NA,NA,60,2.0833333333333335,NA,NA,NA,26.5,NA,NA,NA,NA,26110
MAC Field Scanner Season 4 Range 40 Column 4,40,4,73,NA,NA,44,6.5,NA,NA,NA,25.5,NA,NA,NA,NA,11880
MAC Field Scanner Season 4 Range 40 Column 5,40,5,70,NA,NA,34,6.5,NA,NA,NA,25.5,NA,NA,NA,NA,18490
MAC Field Scanner Season 4 Range 40 Column 7,40,7,19.5,NA,NA,59,2.0833333333333335,NA,NA,NA,15,NA,NA,NA,NA,NA
MAC Field Scanner Season 4 Range 40 Column 8,40,8,61,NA,NA,81,2.0833333333333335,NA,NA,NA,22.5,NA,NA,NA,NA,31010
MAC Field Scanner Season 4 Range 40 Column 9,40,9,60.5,NA,NA,65,6.5,NA,NA,NA,26.5,NA,NA,NA,NA,27030
MAC Field Scanner Season 4 Range 40 Column 10,40,10,80.5,NA,NA,56,2.0833333333333335,NA,NA,44.75,26.5,NA,NA,NA,NA,2667
MAC Field Scanner Season 4 Range 40 Column 11,40,11,70,NA,NA,80,2.0833333333333335,NA,NA,NA,25,NA,NA,NA,NA,37460
MAC Field Scanner Season 4 Range 40 Column 12,40,12,47.5,0.466625,22,68,2.0833333333333335,NA,NA,47.95,21,NA,NA,NA,NA,8616
MAC Field Scanner Season 4 Range 40 Column 14,40,14,72.5,0.6405000000000001,46,55,2.0833333333333335,NA,NA,NA,24,NA,NA,NA,NA,30660
MAC Field Scanner Season 4 Range 41 Column 2,41,2,70,0.979375,64,96.5,2.0833333333333335,3,NA,48.35,30.5,10.72,14.75,67,615,21290
MAC Field Scanner Season 4 Range 41 Column 3,41,3,43.5,NA,NA,55,6.5,NA,NA,56.2,25.5,NA,NA,NA,NA,4379
MAC Field Scanner Season 4 Range 41 Column 4,41,4,60,NA,NA,59,6.5,NA,NA,NA,30,NA,NA,NA,NA,18190
MAC Field Scanner Season 4 Range 41 Column 5,41,5,77,NA,NA,42,2.0833333333333335,NA,NA,NA,25.5,NA,NA,NA,NA,22350
MAC Field Scanner Season 4 Range 41 Column 7,41,7,62,NA,NA,47,6.5,NA,NA,NA,23.5,NA,NA,NA,NA,7196
MAC Field Scanner Season 4 Range 41 Column 12,41,12,69.5,NA,NA,58,6.5,NA,NA,NA,25.5,NA,NA,NA,NA,26310
MAC Field Scanner Season 4 Range 41 Column 13,41,13,50,NA,NA,53,2.0833333333333335,NA,NA,NA,26,NA,NA,NA,NA,27970
MAC Field Scanner Season 4 Range 41 Column 14,41,14,80.5,NA,NA,43,6.5,NA,NA,NA,25,NA,NA,NA,NA,25640
MAC Field Scanner Season 4 Range 42 Column 3,42,3,75,NA,NA,67,2.0833333333333335,NA,NA,NA,30,NA,NA,NA,NA,23490
MAC Field Scanner Season 4 Range 42 Column 5,42,5,73,NA,NA,76,2.0833333333333335,NA,NA,NA,28.5,NA,NA,NA,NA,29460
MAC Field Scanner Season 4 Range 42 Column 6,42,6,68.5,NA,NA,63,2.0833333333333335,NA,NA,NA,24,NA,NA,NA,NA,27170
MAC Field Scanner Season 4 Range 42 Column 7,42,7,66,NA,NA,47,2.0833333333333335,NA,NA,NA,25.5,NA,NA,NA,NA,19080
MAC Field Scanner Season 4 Range 42 Column 10,42,10,72.5,NA,NA,47.5,2.0833333333333335,NA,NA,NA,27,NA,NA,NA,NA,2734
MAC Field Scanner Season 4 Range 42 Column 13,42,13,64.5,NA,NA,25,6.5,NA,NA,NA,25,NA,NA,NA,NA,6461
MAC Field Scanner Season 4 Range 42 Column 14,42,14,78.5,NA,NA,56,2.0833333333333335,NA,NA,NA,24,NA,NA,NA,NA,48420
MAC Field Scanner Season 4 Range 43 Column 2,43,2,64.5,NA,NA,79,2.0833333333333335,NA,NA,NA,24,NA,NA,NA,NA,6817
MAC Field Scanner Season 4 Range 43 Column 5,43,5,74.5,NA,NA,53,2.0833333333333335,NA,NA,NA,25.5,NA,NA,NA,NA,23340
MAC Field Scanner Season 4 Range 43 Column 6,43,6,60.5,NA,NA,46,6.5,NA,NA,NA,26.5,NA,NA,NA,NA,20710
MAC Field Scanner Season 4 Range 43 Column 8,43,8,65.5,0.9635,64.33333333333333,66.5,2.0833333333333335,NA,NA,NA,28.5,NA,NA,NA,NA,28780
MAC Field Scanner Season 4 Range 43 Column 9,43,9,72,NA,NA,49,2.0833333333333335,NA,NA,NA,26,NA,NA,NA,NA,29540
MAC Field Scanner Season 4 Range 43 Column 12,43,12,59,0.731,44,48,2.0833333333333335,4,NA,31.45,25,8.46,14.4,60,520,22460
MAC Field Scanner Season 4 Range 43 Column 14,43,14,72,NA,NA,36,6.5,NA,NA,NA,25,NA,NA,NA,NA,23000
MAC Field Scanner Season 4 Range 43 Column 15,43,15,81,NA,NA,43,2.0833333333333335,NA,NA,NA,23.5,NA,NA,NA,NA,17390
MAC Field Scanner Season 4 Range 44 Column 3,44,3,72.5,NA,NA,46.5,2.0833333333333335,NA,NA,NA,28.5,NA,NA,NA,NA,18110
MAC Field Scanner Season 4 Range 44 Column 6,44,6,76,NA,NA,71,2.0833333333333335,NA,NA,NA,32,NA,NA,NA,NA,31060
MAC Field Scanner Season 4 Range 44 Column 7,44,7,64,NA,NA,21,6.5,NA,NA,NA,29.5,NA,NA,NA,NA,15830
MAC Field Scanner Season 4 Range 44 Column 10,44,10,61,NA,NA,82,2.0833333333333335,NA,NA,NA,27.5,NA,NA,NA,NA,42400
MAC Field Scanner Season 4 Range 44 Column 12,44,12,75,NA,NA,55,2.0833333333333335,NA,NA,NA,25,NA,NA,NA,NA,11430
MAC Field Scanner Season 4 Range 45 Column 5,45,5,11,NA,NA,69,2.0833333333333335,NA,NA,NA,24,NA,NA,NA,NA,21930
MAC Field Scanner Season 4 Range 45 Column 6,45,6,66.5,NA,NA,56,6.5,NA,NA,58.3,26.5,NA,NA,NA,NA,29500
MAC Field Scanner Season 4 Range 45 Column 7,45,7,40.5,NA,NA,61,2.0833333333333335,NA,NA,NA,18.5,NA,NA,NA,NA,8227
MAC Field Scanner Season 4 Range 45 Column 10,45,10,78,NA,NA,55,2.0833333333333335,NA,NA,NA,25,NA,NA,NA,NA,10900
MAC Field Scanner Season 4 Range 45 Column 14,45,14,80.5,NA,NA,44.5,2.0833333333333335,NA,NA,NA,22,NA,NA,NA,NA,22090
MAC Field Scanner Season 4 Range 45 Column 15,45,15,67.5,NA,NA,63.5,2.0833333333333335,NA,NA,NA,24.5,NA,NA,NA,NA,24220
MAC Field Scanner Season 4 Range 46 Column 2,46,2,61,NA,NA,76,2.0833333333333335,NA,NA,NA,31,NA,NA,NA,NA,5903
MAC Field Scanner Season 4 Range 46 Column 5,46,5,67,NA,NA,80,2.0833333333333335,NA,NA,NA,25,NA,NA,NA,NA,25210
MAC Field Scanner Season 4 Range 46 Column 7,46,7,68,NA,NA,55,2.0833333333333335,NA,NA,NA,23,NA,NA,NA,NA,10950
MAC Field Scanner Season 4 Range 46 Column 8,46,8,77,NA,NA,54,2.0833333333333335,NA,NA,NA,30,NA,NA,NA,NA,23420
MAC Field Scanner Season 4 Range 46 Column 9,46,9,70,NA,NA,77,2.0833333333333335,NA,NA,40.75,28.5,NA,NA,NA,NA,21100
MAC Field Scanner Season 4 Range 46 Column 10,46,10,73,NA,NA,61,2.0833333333333335,NA,NA,NA,27,NA,NA,NA,NA,7909
MAC Field Scanner Season 4 Range 46 Column 11,46,11,68.5,NA,NA,51,6.5,NA,NA,NA,27,NA,NA,NA,NA,14120
MAC Field Scanner Season 4 Range 46 Column 12,46,12,58,NA,NA,43,6.5,NA,NA,NA,24.5,NA,NA,NA,NA,9760
MAC Field Scanner Season 4 Range 46 Column 13,46,13,67,NA,NA,56,2.0833333333333335,NA,NA,NA,24,NA,NA,NA,NA,25430
MAC Field Scanner Season 4 Range 47 Column 2,47,2,67.5,NA,NA,59,2.0833333333333335,NA,NA,NA,31,NA,NA,NA,NA,10330
MAC Field Scanner Season 4 Range 47 Column 3,47,3,68.5,NA,NA,68,2.0833333333333335,NA,NA,NA,24.5,NA,NA,NA,NA,41520
MAC Field Scanner Season 4 Range 47 Column 5,47,5,61.5,NA,NA,65,2.0833333333333335,NA,NA,NA,24.5,NA,NA,NA,NA,39070
MAC Field Scanner Season 4 Range 47 Column 7,47,7,70.5,NA,NA,62,6.5,NA,NA,NA,31,NA,NA,NA,NA,52490
MAC Field Scanner Season 4 Range 47 Column 8,47,8,62.5,NA,NA,72,2.0833333333333335,NA,NA,NA,28.5,NA,NA,NA,NA,21880
MAC Field Scanner Season 4 Range 47 Column 9,47,9,81,NA,NA,68,2.0833333333333335,NA,NA,NA,29,NA,NA,NA,NA,19510
MAC Field Scanner Season 4 Range 47 Column 10,47,10,65,NA,NA,62,2.0833333333333335,NA,NA,48.75,24.5,NA,NA,NA,NA,34430
MAC Field Scanner Season 4 Range 47 Column 11,47,11,76,NA,NA,43,2.0833333333333335,NA,NA,NA,24,NA,NA,NA,NA,28420
MAC Field Scanner Season 4 Range 47 Column 12,47,12,70,NA,NA,45,2.0833333333333335,NA,NA,41.15,25,NA,NA,NA,NA,22000
MAC Field Scanner Season 4 Range 47 Column 13,47,13,69,NA,NA,29,2.0833333333333335,NA,NA,22.700000000000003,14,NA,NA,NA,NA,15570
MAC Field Scanner Season 4 Range 48 Column 2,48,2,71,NA,NA,63,2.0833333333333335,NA,NA,NA,30.5,NA,NA,NA,NA,12260
MAC Field Scanner Season 4 Range 48 Column 3,48,3,67,NA,NA,67,2.0833333333333335,NA,NA,NA,24,NA,NA,NA,NA,9142
MAC Field Scanner Season 4 Range 48 Column 4,48,4,71.5,NA,NA,49,2.0833333333333335,NA,NA,NA,24.5,NA,NA,NA,NA,17050
MAC Field Scanner Season 4 Range 48 Column 8,48,8,69.5,NA,NA,33,2.0833333333333335,NA,NA,NA,24.5,NA,NA,NA,NA,14020
MAC Field Scanner Season 4 Range 48 Column 9,48,9,73.5,NA,NA,65,2.0833333333333335,NA,NA,NA,23.5,NA,NA,NA,NA,27470
MAC Field Scanner Season 4 Range 48 Column 11,48,11,66,NA,NA,52,2.0833333333333335,NA,NA,NA,29.5,NA,NA,NA,NA,33240
MAC Field Scanner Season 4 Range 48 Column 12,48,12,68.5,NA,NA,45,2.0833333333333335,NA,NA,NA,25.5,NA,NA,NA,NA,12880
MAC Field Scanner Season 4 Range 48 Column 15,48,15,62.5,NA,NA,60,2.0833333333333335,NA,NA,NA,21.5,NA,NA,NA,NA,23260
MAC Field Scanner Season 4 Range 49 Column 2,49,2,62.5,NA,NA,65,2.0833333333333335,NA,NA,NA,29,NA,NA,NA,NA,21910
MAC Field Scanner Season 4 Range 49 Column 3,49,3,71.5,NA,NA,55,2.0833333333333335,NA,NA,NA,28,NA,NA,NA,NA,NA
MAC Field Scanner Season 4 Range 49 Column 4,49,4,58.5,NA,NA,74,2.0833333333333335,NA,NA,36.4,19,NA,NA,NA,NA,24030
MAC Field Scanner Season 4 Range 49 Column 6,49,6,60.5,NA,NA,52,2.0833333333333335,NA,NA,NA,26,NA,NA,NA,NA,23670
MAC Field Scanner Season 4 Range 49 Column 7,49,7,48.5,NA,NA,46,2.0833333333333335,NA,NA,NA,22,NA,NA,NA,NA,15700
MAC Field Scanner Season 4 Range 49 Column 10,49,10,79,NA,NA,54,2.0833333333333335,NA,NA,NA,25,NA,NA,NA,NA,27990
MAC Field Scanner Season 4 Range 49 Column 12,49,12,75,NA,NA,55.5,2.0833333333333335,NA,NA,NA,24.5,NA,NA,NA,NA,23490
MAC Field Scanner Season 4 Range 50 Column 2,50,2,71,NA,NA,95,2.0833333333333335,NA,NA,NA,30.5,NA,NA,NA,NA,7793
MAC Field Scanner Season 4 Range 50 Column 3,50,3,50.5,NA,NA,74,2.0833333333333335,NA,NA,NA,26.5,NA,NA,NA,NA,NA
MAC Field Scanner Season 4 Range 50 Column 9,50,9,14.5,NA,NA,68,2.0833333333333335,NA,NA,NA,27.5,NA,NA,NA,NA,12420
MAC Field Scanner Season 4 Range 50 Column 12,50,12,75,NA,NA,55,2.0833333333333335,NA,NA,NA,26.5,NA,NA,NA,NA,10220
MAC Field Scanner Season 4 Range 50 Column 13,50,13,68.5,NA,NA,61.5,2.0833333333333335,NA,NA,NA,26.5,NA,NA,NA,NA,27410
MAC Field Scanner Season 4 Range 50 Column 14,50,14,70,NA,NA,68,2.0833333333333335,NA,NA,NA,29,NA,NA,NA,NA,11430
MAC Field Scanner Season 4 Range 50 Column 15,50,15,46.5,NA,NA,70,2.0833333333333335,NA,NA,NA,21,NA,NA,NA,NA,23680
MAC Field Scanner Season 4 Range 51 Column 2,51,2,71.5,NA,NA,65,2.0833333333333335,NA,NA,NA,26.5,NA,NA,NA,NA,13450
MAC Field Scanner Season 4 Range 51 Column 3,51,3,77,NA,NA,37,6.5,NA,NA,NA,24.5,NA,NA,NA,NA,17740
MAC Field Scanner Season 4 Range 51 Column 5,51,5,69,0.8335,57,58,2.0833333333333335,3.3333333333333335,0.2739726027397486,37.95,25,11.06,14.6,71.33333333333333,520,23210
MAC Field Scanner Season 4 Range 51 Column 7,51,7,75.5,NA,NA,76,2.0833333333333335,NA,NA,NA,25.5,NA,NA,NA,NA,14240
MAC Field Scanner Season 4 Range 51 Column 8,51,8,75,NA,NA,75,2.0833333333333335,NA,NA,NA,26,NA,NA,NA,NA,24470
MAC Field Scanner Season 4 Range 51 Column 10,51,10,83.5,NA,NA,42,6.5,NA,NA,NA,30,NA,NA,NA,NA,24530
MAC Field Scanner Season 4 Range 51 Column 11,51,11,64,NA,NA,44,2.0833333333333335,NA,NA,NA,28,NA,NA,NA,NA,18960
MAC Field Scanner Season 4 Range 51 Column 12,51,12,75,NA,NA,52,2.0833333333333335,NA,NA,NA,23.5,NA,NA,NA,NA,29190
MAC Field Scanner Season 4 Range 51 Column 14,51,14,79,NA,NA,47,6.5,NA,NA,NA,26,NA,NA,NA,NA,27570
MAC Field Scanner Season 4 Range 52 Column 2,52,2,52.5,NA,NA,73,2.0833333333333335,NA,NA,53.25,25.5,NA,NA,NA,NA,14740
MAC Field Scanner Season 4 Range 52 Column 5,52,5,70,NA,NA,49.5,2.0833333333333335,NA,NA,NA,24.5,NA,NA,NA,NA,9829
MAC Field Scanner Season 4 Range 52 Column 8,52,8,56.5,0.536,28.666666666666668,59,2.0833333333333335,NA,NA,42.65,26.5,NA,NA,NA,NA,20460
MAC Field Scanner Season 4 Range 52 Column 9,52,9,55,NA,NA,55,2.0833333333333335,NA,NA,NA,25,NA,NA,NA,NA,16710
MAC Field Scanner Season 4 Range 52 Column 12,52,12,64.5,NA,NA,64,2.0833333333333335,NA,NA,NA,23.5,NA,NA,NA,NA,18520
MAC Field Scanner Season 4 Range 52 Column 15,52,15,48,NA,NA,34,6.5,NA,NA,27.9,24.5,NA,NA,NA,NA,15790
MAC Field Scanner Season 4 Range 53 Column 2,53,2,NA,NA,NA,70,6.5,NA,NA,NA,NA,NA,NA,NA,NA,16040
MAC Field Scanner Season 4 Range 53 Column 3,53,3,NA,NA,NA,69,6.5,NA,NA,NA,NA,NA,NA,NA,NA,32080
MAC Field Scanner Season 4 Range 53 Column 5,53,5,NA,NA,NA,68,6.5,NA,NA,NA,NA,NA,NA,NA,NA,38580
MAC Field Scanner Season 4 Range 53 Column 7,53,7,NA,NA,NA,66,6.5,NA,NA,NA,NA,NA,NA,NA,NA,31570
MAC Field Scanner Season 4 Range 53 Column 8,53,8,NA,NA,NA,61,6.5,NA,NA,NA,NA,NA,NA,NA,NA,18890
MAC Field Scanner Season 4 Range 53 Column 10,53,10,NA,NA,NA,59,6.5,NA,NA,NA,NA,NA,NA,NA,NA,14700
MAC Field Scanner Season 4 Range 53 Column 11,53,11,NA,NA,NA,66,6.5,NA,NA,NA,NA,NA,NA,NA,NA,33050
MAC Field Scanner Season 4 Range 53 Column 12,53,12,NA,NA,NA,62,6.5,NA,NA,NA,NA,NA,NA,NA,NA,15130
MAC Field Scanner Season 4 Range 53 Column 14,53,14,NA,NA,NA,63,6.5,NA,NA,NA,NA,NA,NA,NA,NA,15510
MAC Field Scanner Season 4 Range 53 Column 15,53,15,NA,NA,NA,61,6.5,NA,NA,NA,NA,NA,NA,NA,NA,29650
MAC Field Scanner Season 4 Range 2 Column 2,2,2,NA,NA,NA,58,6.5,NA,NA,NA,NA,NA,NA,NA,NA,15910
MAC Field Scanner Season 4 Range 2 Column 3,2,3,NA,NA,NA,60,6.5,NA,NA,NA,NA,NA,NA,NA,NA,34420
MAC Field Scanner Season 4 Range 2 Column 5,2,5,NA,NA,NA,52,6.5,NA,NA,NA,NA,NA,NA,NA,NA,37330
MAC Field Scanner Season 4 Range 2 Column 6,2,6,NA,NA,NA,53,6.5,NA,NA,NA,NA,NA,NA,NA,NA,13430
MAC Field Scanner Season 4 Range 2 Column 9,2,9,NA,NA,NA,62,6.5,NA,NA,NA,NA,NA,NA,NA,NA,36900
MAC Field Scanner Season 4 Range 2 Column 10,2,10,NA,NA,NA,48,6.5,NA,NA,NA,NA,NA,NA,NA,NA,11510
MAC Field Scanner Season 4 Range 2 Column 12,2,12,NA,NA,NA,55,6.5,NA,NA,NA,NA,NA,NA,NA,NA,18660
MAC Field Scanner Season 4 Range 2 Column 13,2,13,NA,NA,NA,45,6.5,NA,NA,NA,NA,NA,NA,NA,NA,27070
MAC Field Scanner Season 4 Range 3 Column 2,3,2,80,NA,NA,45,2.0833333333333335,NA,NA,NA,24,NA,NA,NA,NA,14400
MAC Field Scanner Season 4 Range 3 Column 3,3,3,73.5,0.97,71.2,46,2.0833333333333335,3.3333333333333335,0.3177575529730597,26.1,27,9.1,12.4,52.666666666666664,530,17350
MAC Field Scanner Season 4 Range 3 Column 4,3,4,83.5,NA,NA,50,2.0833333333333335,NA,NA,NA,27,NA,NA,NA,NA,23190
MAC Field Scanner Season 4 Range 3 Column 6,3,6,53.5,NA,NA,42,2.0833333333333335,5,0.350220181062006,30.3,21.5,12.24,18.36,49,576.6666666666666,30150
MAC Field Scanner Season 4 Range 3 Column 9,3,9,62,NA,NA,61.5,2.0833333333333335,NA,NA,NA,22,NA,NA,NA,NA,20670
MAC Field Scanner Season 4 Range 3 Column 12,3,12,80,NA,NA,58.5,2.0833333333333335,NA,NA,NA,24,NA,NA,NA,NA,21990
MAC Field Scanner Season 4 Range 3 Column 13,3,13,70.5,NA,NA,45.5,2.0833333333333335,NA,NA,NA,23,NA,NA,NA,NA,26280
MAC Field Scanner Season 4 Range 4 Column 2,4,2,67,NA,NA,55,2.0833333333333335,NA,NA,NA,24,NA,NA,NA,NA,21540
MAC Field Scanner Season 4 Range 4 Column 3,4,3,66.5,NA,NA,38.5,2.0833333333333335,NA,NA,NA,27.5,NA,NA,NA,NA,6660
MAC Field Scanner Season 4 Range 4 Column 8,4,8,64,NA,NA,72,2.0833333333333335,NA,NA,42.5,21,NA,NA,NA,NA,23790
MAC Field Scanner Season 4 Range 4 Column 12,4,12,73,NA,NA,57.5,2.0833333333333335,NA,NA,NA,23,NA,NA,NA,NA,15700
MAC Field Scanner Season 4 Range 4 Column 13,4,13,58,NA,NA,54,2.0833333333333335,NA,NA,NA,21.5,NA,NA,NA,NA,18880
MAC Field Scanner Season 4 Range 4 Column 15,4,15,75.5,NA,NA,60.5,2.0833333333333335,NA,NA,NA,24,NA,NA,NA,NA,15690
MAC Field Scanner Season 4 Range 5 Column 2,5,2,70,NA,NA,41.5,2.0833333333333335,NA,NA,NA,22.5,NA,NA,NA,NA,5855
MAC Field Scanner Season 4 Range 5 Column 4,5,4,72.5,NA,NA,62.5,2.0833333333333335,NA,NA,61.65,23.5,NA,NA,NA,NA,26000
MAC Field Scanner Season 4 Range 5 Column 8,5,8,76,NA,NA,47,2.0833333333333335,NA,NA,NA,24,NA,NA,NA,NA,9186
MAC Field Scanner Season 4 Range 5 Column 10,5,10,52.5,NA,NA,67.5,2.0833333333333335,NA,NA,NA,23,NA,NA,NA,NA,13000
MAC Field Scanner Season 4 Range 5 Column 11,5,11,46,NA,NA,68.5,2.0833333333333335,NA,NA,NA,24,NA,NA,NA,NA,14320
MAC Field Scanner Season 4 Range 5 Column 12,5,12,65.5,NA,NA,71,2.0833333333333335,NA,NA,NA,24,NA,NA,NA,NA,35100
MAC Field Scanner Season 4 Range 6 Column 4,6,4,60.5,NA,NA,55,2.0833333333333335,NA,NA,NA,25.5,NA,NA,NA,NA,17300
MAC Field Scanner Season 4 Range 6 Column 6,6,6,0.5,NA,NA,60.5,2.0833333333333335,NA,NA,NA,25,NA,NA,NA,NA,26780
MAC Field Scanner Season 4 Range 6 Column 14,6,14,59,NA,NA,73.5,2.0833333333333335,NA,NA,NA,24,NA,NA,NA,NA,26770
MAC Field Scanner Season 4 Range 7 Column 5,7,5,64.5,0.912625,59.75,45.5,2.0833333333333335,NA,NA,NA,28.5,NA,NA,NA,NA,54870
MAC Field Scanner Season 4 Range 7 Column 6,7,6,64.5,NA,NA,48.5,2.0833333333333335,NA,NA,NA,27.5,NA,NA,NA,NA,32700
MAC Field Scanner Season 4 Range 7 Column 8,7,8,62,NA,NA,63.5,2.0833333333333335,NA,NA,NA,26,NA,NA,NA,NA,26430
MAC Field Scanner Season 4 Range 7 Column 9,7,9,83.5,0.859125,72.33333333333333,54.5,2.0833333333333335,NA,NA,NA,25,NA,NA,NA,NA,37200
MAC Field Scanner Season 4 Range 7 Column 11,7,11,64,NA,NA,47.5,2.0833333333333335,NA,NA,NA,22,NA,NA,NA,NA,26180
MAC Field Scanner Season 4 Range 7 Column 12,7,12,76,NA,NA,47,2.0833333333333335,NA,NA,NA,23.5,NA,NA,NA,NA,27020
MAC Field Scanner Season 4 Range 7 Column 15,7,15,69.5,NA,NA,60.5,2.0833333333333335,NA,NA,NA,23,NA,NA,NA,NA,9079
MAC Field Scanner Season 4 Range 8 Column 2,8,2,56.5,NA,NA,56,2.0833333333333335,NA,NA,NA,25,NA,NA,NA,NA,18790
MAC Field Scanner Season 4 Range 8 Column 5,8,5,68,NA,NA,45,2.0833333333333335,NA,NA,32.7,24,NA,NA,NA,NA,14310
MAC Field Scanner Season 4 Range 8 Column 6,8,6,64,NA,NA,37.5,2.0833333333333335,NA,NA,NA,16.5,NA,NA,NA,NA,15810
MAC Field Scanner Season 4 Range 8 Column 7,8,7,63,NA,NA,40.5,2.0833333333333335,NA,NA,NA,25,NA,NA,NA,NA,28670
MAC Field Scanner Season 4 Range 8 Column 11,8,11,67.5,NA,NA,45.5,2.0833333333333335,NA,NA,NA,25,NA,NA,NA,NA,20330
MAC Field Scanner Season 4 Range 8 Column 13,8,13,66,NA,NA,55.5,2.0833333333333335,NA,NA,NA,20.5,NA,NA,NA,NA,26540
MAC Field Scanner Season 4 Range 8 Column 14,8,14,82.5,NA,NA,58.5,2.0833333333333335,NA,NA,NA,24.5,NA,NA,NA,NA,19480
MAC Field Scanner Season 4 Range 8 Column 15,8,15,85.5,NA,NA,56.5,2.0833333333333335,NA,NA,NA,24.5,NA,NA,NA,NA,19160
MAC Field Scanner Season 4 Range 12 Column 1,12,1,NA,NA,NA,NA,NA,NA,NA,NA,NA,NA,NA,NA,NA,NA
MAC Field Scanner Season 4 Range 33 Column 16,33,16,NA,NA,NA,NA,NA,NA,NA,NA,NA,NA,NA,NA,NA,NA
MAC Field Scanner Season 4 Range 9 Column 16,9,16,NA,NA,NA,NA,NA,NA,NA,NA,NA,NA,NA,NA,NA,NA
MAC Field Scanner Season 4 Range 14 Column 16,14,16,NA,NA,NA,NA,NA,NA,NA,NA,NA,NA,NA,NA,NA,NA
MAC Field Scanner Season 4 Range 24 Column 16,24,16,NA,NA,NA,NA,NA,NA,NA,NA,NA,NA,NA,NA,NA,NA
MAC Field Scanner Season 4 Range 42 Column 16,42,16,NA,NA,NA,NA,NA,NA,NA,NA,NA,NA,NA,NA,NA,NA
MAC Field Scanner Season 4 Range 21 Column 16,21,16,NA,NA,NA,NA,NA,NA,NA,NA,NA,NA,NA,NA,NA,NA
MAC Field Scanner Season 4 Range 17 Column 1,17,1,NA,NA,NA,NA,NA,NA,NA,NA,NA,NA,NA,NA,NA,NA
MAC Field Scanner Season 4 Range 37 Column 16,37,16,NA,NA,NA,NA,NA,NA,NA,NA,NA,NA,NA,NA,NA,NA
MAC Field Scanner Season 4 Range 28 Column 16,28,16,NA,NA,NA,NA,NA,NA,NA,NA,NA,NA,NA,NA,NA,NA
MAC Field Scanner Season 4 Range 47 Column 16,47,16,NA,NA,NA,NA,NA,NA,NA,NA,NA,NA,NA,NA,NA,NA
MAC Field Scanner Season 4 Range 14 Column 1,14,1,NA,NA,NA,NA,NA,NA,NA,NA,NA,NA,NA,NA,NA,NA
MAC Field Scanner Season 4 Range 40 Column 16,40,16,NA,NA,NA,NA,NA,NA,NA,NA,NA,NA,NA,NA,NA,NA
MAC Field Scanner Season 4 Range 18 Column 1,18,1,NA,NA,NA,NA,NA,NA,NA,NA,NA,NA,NA,NA,NA,NA
MAC Field Scanner Season 4 Range 6 Column 16,6,16,NA,NA,NA,NA,NA,NA,NA,NA,NA,NA,NA,NA,NA,NA
MAC Field Scanner Season 4 Range 39 Column 16,39,16,NA,NA,NA,NA,NA,NA,NA,NA,NA,NA,NA,NA,NA,NA
MAC Field Scanner Season 4 Range 2 Column 16,2,16,NA,NA,NA,NA,NA,NA,NA,NA,NA,NA,NA,NA,NA,NA
MAC Field Scanner Season 4 Range 45 Column 16,45,16,NA,NA,NA,NA,NA,NA,NA,NA,NA,NA,NA,NA,NA,NA
MAC Field Scanner Season 4 Range 34 Column 1,34,1,NA,NA,NA,NA,NA,NA,NA,NA,NA,NA,NA,NA,NA,NA
MAC Field Scanner Season 4 Range 33 Column 1,33,1,NA,NA,NA,NA,NA,NA,NA,NA,NA,NA,NA,NA,NA,NA
MAC Field Scanner Season 4 Range 35 Column 1,35,1,NA,NA,NA,NA,NA,NA,NA,NA,NA,NA,NA,NA,NA,NA
MAC Field Scanner Season 4 Range 7 Column 1,7,1,NA,NA,NA,NA,NA,NA,NA,NA,NA,NA,NA,NA,NA,NA
MAC Field Scanner Season 4 Range 16 Column 1,16,1,NA,NA,NA,NA,NA,NA,NA,NA,NA,NA,NA,NA,NA,NA
MAC Field Scanner Season 4 Range 50 Column 16,50,16,NA,NA,NA,NA,NA,NA,NA,NA,NA,NA,NA,NA,NA,NA
MAC Field Scanner Season 4 Range 52 Column 16,52,16,NA,NA,NA,NA,NA,NA,NA,NA,NA,NA,NA,NA,NA,NA
MAC Field Scanner Season 4 Range 49 Column 16,49,16,NA,NA,NA,NA,NA,NA,NA,NA,NA,NA,NA,NA,NA,NA
MAC Field Scanner Season 4 Range 36 Column 1,36,1,NA,NA,NA,NA,NA,NA,NA,NA,NA,NA,NA,NA,NA,NA
MAC Field Scanner Season 4 Range 42 Column 1,42,1,NA,NA,NA,NA,NA,NA,NA,NA,NA,NA,NA,NA,NA,NA
MAC Field Scanner Season 4 Range 53 Column 16,53,16,NA,NA,NA,NA,NA,NA,NA,NA,NA,NA,NA,NA,NA,NA
MAC Field Scanner Season 4 Range 16 Column 16,16,16,NA,NA,NA,NA,NA,NA,NA,NA,NA,NA,NA,NA,NA,NA
MAC Field Scanner Season 4 Range 29 Column 16,29,16,NA,NA,NA,NA,NA,NA,NA,NA,NA,NA,NA,NA,NA,NA
MAC Field Scanner Season 4 Range 10 Column 16,10,16,NA,NA,NA,NA,NA,NA,NA,NA,NA,NA,NA,NA,NA,NA
MAC Field Scanner Season 4 Range 7 Column 16,7,16,NA,NA,NA,NA,NA,NA,NA,NA,NA,NA,NA,NA,NA,NA
MAC Field Scanner Season 4 Range 36 Column 16,36,16,NA,NA,NA,NA,NA,NA,NA,NA,NA,NA,NA,NA,NA,NA
MAC Field Scanner Season 4 Range 38 Column 16,38,16,NA,NA,NA,NA,NA,NA,NA,NA,NA,NA,NA,NA,NA,NA
MAC Field Scanner Season 4 Range 31 Column 16,31,16,NA,NA,NA,NA,NA,NA,NA,NA,NA,NA,NA,NA,NA,NA
MAC Field Scanner Season 4 Range 9 Column 1,9,1,NA,NA,NA,NA,NA,NA,NA,NA,NA,NA,NA,NA,NA,NA
MAC Field Scanner Season 4 Range 52 Column 1,52,1,NA,NA,NA,NA,NA,NA,NA,NA,NA,NA,NA,NA,NA,NA
MAC Field Scanner Season 4 Range 27 Column 1,27,1,NA,NA,NA,NA,NA,NA,NA,NA,NA,NA,NA,NA,NA,NA
MAC Field Scanner Season 4 Range 43 Column 1,43,1,NA,NA,NA,NA,NA,NA,NA,NA,NA,NA,NA,NA,NA,NA
MAC Field Scanner Season 4 Range 49 Column 1,49,1,NA,NA,NA,NA,NA,NA,NA,NA,NA,NA,NA,NA,NA,NA
MAC Field Scanner Season 4 Range 45 Column 1,45,1,NA,NA,NA,NA,NA,NA,NA,NA,NA,NA,NA,NA,NA,NA
MAC Field Scanner Season 4 Range 22 Column 1,22,1,NA,NA,NA,NA,NA,NA,NA,NA,NA,NA,NA,NA,NA,NA
MAC Field Scanner Season 4 Range 40 Column 1,40,1,NA,NA,NA,NA,NA,NA,NA,NA,NA,NA,NA,NA,NA,NA
MAC Field Scanner Season 4 Range 41 Column 1,41,1,NA,NA,NA,NA,NA,NA,NA,NA,NA,NA,NA,NA,NA,NA
MAC Field Scanner Season 4 Range 54 Column 5,54,5,NA,NA,NA,NA,NA,NA,NA,NA,NA,NA,NA,NA,NA,NA
MAC Field Scanner Season 4 Range 54 Column 9,54,9,NA,NA,NA,NA,NA,NA,NA,NA,NA,NA,NA,NA,NA,NA
MAC Field Scanner Season 4 Range 54 Column 11,54,11,NA,NA,NA,NA,NA,NA,NA,NA,NA,NA,NA,NA,NA,NA
MAC Field Scanner Season 4 Range 54 Column 13,54,13,NA,NA,NA,NA,NA,NA,NA,NA,NA,NA,NA,NA,NA,NA
MAC Field Scanner Season 4 Range 54 Column 14,54,14,NA,NA,NA,NA,NA,NA,NA,NA,NA,NA,NA,NA,NA,NA
MAC Field Scanner Season 4 Range 20 Column 10,20,10,71.5,NA,NA,39,6.5,NA,NA,NA,23.5,NA,NA,NA,NA,16750
MAC Field Scanner Season 4 Range 20 Column 12,20,12,73.5,NA,NA,60,2.0833333333333335,NA,NA,NA,28,NA,NA,NA,NA,9525
MAC Field Scanner Season 4 Range 20 Column 13,20,13,60.5,NA,NA,50,6.5,NA,NA,NA,25,NA,NA,NA,NA,27700
MAC Field Scanner Season 4 Range 20 Column 14,20,14,81,NA,NA,67.5,2.0833333333333335,NA,NA,NA,24.5,NA,NA,NA,NA,19170
MAC Field Scanner Season 4 Range 20 Column 15,20,15,78,NA,NA,65,2.0833333333333335,NA,NA,NA,23,NA,NA,NA,NA,NA
MAC Field Scanner Season 4 Range 30 Column 2,30,2,62.5,NA,NA,44,6.5,NA,NA,NA,30,NA,NA,NA,NA,13610
MAC Field Scanner Season 4 Range 30 Column 3,30,3,58,NA,NA,58,2.0833333333333335,NA,NA,NA,24.5,NA,NA,NA,NA,11110
MAC Field Scanner Season 4 Range 30 Column 11,30,11,71.5,NA,NA,65,2.0833333333333335,NA,NA,NA,27,NA,NA,NA,NA,NA
MAC Field Scanner Season 4 Range 54 Column 10,54,10,NA,NA,NA,NA,NA,NA,NA,NA,NA,NA,NA,NA,NA,NA
MAC Field Scanner Season 4 Range 30 Column 14,30,14,70,NA,NA,56,2.0833333333333335,NA,NA,NA,24,NA,NA,NA,NA,9635
MAC Field Scanner Season 4 Range 54 Column 2,54,2,NA,NA,NA,NA,NA,NA,NA,NA,NA,NA,NA,NA,NA,NA
MAC Field Scanner Season 4 Range 54 Column 3,54,3,NA,NA,NA,NA,NA,NA,NA,NA,NA,NA,NA,NA,NA,NA
MAC Field Scanner Season 4 Range 54 Column 15,54,15,NA,NA,NA,NA,NA,NA,NA,NA,NA,NA,NA,NA,NA,NA
MAC Field Scanner Season 4 Range 54 Column 7,54,7,NA,NA,NA,NA,NA,NA,NA,NA,NA,NA,NA,NA,NA,NA
MAC Field Scanner Season 4 Range 20 Column 1,20,1,NA,NA,NA,NA,NA,NA,NA,NA,NA,NA,NA,NA,NA,NA
MAC Field Scanner Season 4 Range 30 Column 1,30,1,NA,NA,NA,NA,NA,NA,NA,NA,NA,NA,NA,NA,NA,NA
MAC Field Scanner Season 4 Range 30 Column 5,30,5,NA,NA,NA,50,2.0833333333333335,NA,NA,NA,NA,NA,NA,NA,NA,NA
MAC Field Scanner Season 4 Range 54 Column 4,54,4,NA,NA,NA,NA,NA,NA,NA,NA,NA,NA,NA,NA,NA,NA
MAC Field Scanner Season 4 Range 54 Column 6,54,6,NA,NA,NA,NA,NA,NA,NA,NA,NA,NA,NA,NA,NA,NA
MAC Field Scanner Season 4 Range 30 Column 16,30,16,NA,NA,NA,NA,NA,NA,NA,NA,NA,NA,NA,NA,NA,NA
MAC Field Scanner Season 4 Range 54 Column 8,54,8,NA,NA,NA,NA,NA,NA,NA,NA,NA,NA,NA,NA,NA,NA
MAC Field Scanner Season 4 Range 54 Column 12,54,12,NA,NA,NA,NA,NA,NA,NA,NA,NA,NA,NA,NA,NA,NA
MAC Field Scanner Season 4 Range 30 Column 10,30,10,68.5,NA,NA,49,2.0833333333333335,NA,NA,NA,28,NA,NA,NA,NA,22120
MAC Field Scanner Season 4 Range 54 Column 16,54,16,NA,NA,NA,NA,NA,NA,NA,NA,NA,NA,NA,NA,NA,NA
